trade_id,date,symbol,side,engine,score,c_rsi,c_vwap_evt,c_trend,strike,entry_price,exit_price,exit_reason,exit_min,armed,mfe_pct,mins_to_first_uptick,pnl
2026-05-21_AVGO_C_1000,2026-05-21,AVGO,C,prime,95,,,,422.5,5.25,3.35,timestop,15.6,False,-3.8,,-190.0
2026-05-21_NVDA_P_1000,2026-05-21,NVDA,P,prime,55,,,,220.0,1.9,3.9,window_end,28.0,True,113.2,13.0,200.0
2026-05-21_QQQ_C_1015,2026-05-21,QQQ,C,scout,50,True,False,True,711.0,1.85,1.52,timestop,16.0,False,8.1,1.0,-33.0
2026-05-21_TSLA_C_1015,2026-05-21,TSLA,C,prime,45,,,,420.0,4.9,3.2,timestop,16.0,False,-1.0,,-170.0
2026-05-21_QQQ_C_1030,2026-05-21,QQQ,C,scout,50,True,False,True,709.0,2.54,2.31,trail,10.0,True,11.0,7.0,-23.0
2026-05-21_IWM_C_1300,2026-05-21,IWM,C,scout,45,False,False,True,281.0,0.21,0.39,trail,13.0,True,138.1,10.0,18.0
2026-05-21_IWM_C_1315,2026-05-21,IWM,C,scout,45,False,False,True,281.0,0.89,1.03,trail,2.0,True,44.9,1.0,14.0
2026-05-21_IWM_C_1330,2026-05-21,IWM,C,scout,55,False,False,True,283.0,0.35,0.27,trail,3.0,True,11.4,1.0,-8.0
2026-05-21_QQQ_C_1330,2026-05-21,QQQ,C,scout,45,False,False,True,714.0,1.46,1.31,trail,3.0,True,12.3,1.0,-15.0
2026-05-22_NVDA_P_1015,2026-05-22,NVDA,P,prime,55,,,,215.0,0.8,0.83,trail,9.0,True,48.7,1.0,3.0
2026-05-22_SPY_C_1015,2026-05-22,SPY,C,scout,45,False,False,True,746.0,1.73,1.49,timestop,15.0,False,-0.6,,-24.0
2026-05-22_TSLA_C_1015,2026-05-22,TSLA,C,prime,85,,,,425.0,2.27,2.72,trail,9.0,True,43.2,1.0,45.0
2026-05-22_AAPL_C_1030,2026-05-22,AAPL,C,prime,55,,,,310.0,0.44,0.47,trail,6.9,True,36.4,1.0,3.0
2026-05-22_AVGO_P_1030,2026-05-22,AVGO,P,prime,65,,,,410.0,2.17,1.35,timestop,15.2,False,-5.1,,-82.0
2026-05-22_META_C_1030,2026-05-22,META,C,prime,55,,,,610.0,1.83,2.22,window_end,27.9,True,23.5,8.0,39.0
2026-05-22_IWM_C_1045,2026-05-22,IWM,C,scout,60,False,False,True,285.0,0.8,0.65,timestop,16.0,False,-2.5,,-15.0
2026-05-22_QQQ_C_1045,2026-05-22,QQQ,C,scout,60,False,False,True,720.0,1.57,2.1,window_end,28.0,True,37.6,1.0,53.0
2026-05-22_SPY_C_1045,2026-05-22,SPY,C,scout,60,False,False,True,747.0,1.12,1.36,window_end,28.0,True,25.9,3.0,24.0
2026-05-22_AAPL_C_1100,2026-05-22,AAPL,C,prime,55,,,,312.5,0.18,0.25,trail,16.0,True,83.3,1.0,7.0
2026-05-22_QQQ_C_1100,2026-05-22,QQQ,C,scout,60,False,False,True,720.0,1.75,2.2,window_end,28.0,True,28.0,1.0,45.0
2026-05-22_QQQ_C_1115,2026-05-22,QQQ,C,scout,45,False,False,True,721.0,1.61,1.65,timestop,15.0,False,5.0,2.0,4.0
2026-05-22_SPY_C_1115,2026-05-22,SPY,C,scout,60,False,True,True,748.0,0.93,0.99,trail,18.0,True,26.9,1.0,6.0
2026-05-22_MSFT_C_1130,2026-05-22,MSFT,C,prime,60,,,,420.0,1.12,0.72,timestop,15.9,False,-4.5,,-40.0
2026-05-22_IWM_C_1230,2026-05-22,IWM,C,scout,45,False,False,True,286.0,0.38,0.31,trail,4.0,True,10.5,1.0,-7.0
2026-05-22_IWM_C_1300,2026-05-22,IWM,C,scout,45,False,False,True,286.0,0.33,0.29,timestop,15.9,False,-3.0,,-4.0
2026-05-22_META_C_1415,2026-05-22,META,C,prime,45,,,,610.0,0.8,1.55,trail,8.0,True,135.0,0.9,75.0
2026-05-26_TSLA_C_1000,2026-05-26,TSLA,C,prime,55,,,,432.5,7.85,6.35,timestop,15.9,False,-0.6,,-150.0
2026-05-26_AAPL_C_1015,2026-05-26,AAPL,C,prime,85,,,,312.5,2.36,2.31,timestop,16.0,False,2.5,12.0,-5.0
2026-05-26_IWM_C_1015,2026-05-26,IWM,C,scout,45,False,False,True,291.0,0.45,0.25,timestop,15.0,False,6.7,1.0,-20.0
2026-05-26_NVDA_C_1015,2026-05-26,NVDA,C,prime,60,,,,217.5,2.67,3.1,trail,19.1,True,40.4,2.0,43.0
2026-05-26_QQQ_C_1015,2026-05-26,QQQ,C,scout,45,False,False,True,729.0,1.6,2.83,window_end,27.8,True,92.5,1.0,123.0
2026-05-26_SPY_C_1015,2026-05-26,SPY,C,scout,60,False,False,True,752.0,0.87,0.9,trail,19.0,True,25.3,1.0,3.0
2026-05-26_IWM_C_1030,2026-05-26,IWM,C,scout,45,False,False,True,290.0,0.59,0.79,trail,25.0,True,57.6,2.0,20.0
2026-05-26_QQQ_C_1030,2026-05-26,QQQ,C,scout,45,False,False,True,730.0,1.74,1.9,trail,17.0,True,36.8,1.0,16.0
2026-05-26_SPY_C_1030,2026-05-26,SPY,C,scout,60,False,False,True,752.0,1.0,1.01,trail,19.0,True,21.0,5.0,1.0
2026-05-26_IWM_C_1045,2026-05-26,IWM,C,scout,45,False,False,True,291.0,0.47,0.35,timestop,15.0,False,-2.1,,-12.0
2026-05-26_QQQ_C_1045,2026-05-26,QQQ,C,scout,45,False,False,True,731.0,1.71,0.83,timestop,16.0,False,-1.2,,-88.0
2026-05-26_SPY_C_1045,2026-05-26,SPY,C,scout,60,False,False,True,753.0,0.71,0.35,timestop,16.0,False,-1.4,,-36.0
2026-05-26_SPY_C_1100,2026-05-26,SPY,C,scout,60,False,False,True,752.0,0.8,0.47,timestop,16.0,False,-1.2,,-33.0
2026-05-26_AAPL_P_1245,2026-05-26,AAPL,P,prime,55,,,,307.5,1.58,1.46,timestop,15.3,False,3.2,0.0,-12.0
2026-05-27_AMZN_C_1000,2026-05-27,AMZN,C,prime,30,,,,270.0,2.3,2.58,trail,9.0,True,32.6,1.0,28.0
2026-05-27_META_C_1000,2026-05-27,META,C,prime,55,,,,615.0,4.9,5.55,trail,23.1,True,40.8,1.1,65.0
2026-05-27_NVDA_P_1000,2026-05-27,NVDA,P,prime,70,,,,210.0,2.51,3.05,window_end,28.0,True,23.5,4.9,54.0
2026-05-27_TSLA_C_1000,2026-05-27,TSLA,C,prime,55,,,,442.5,6.7,6.15,trail,5.0,True,11.2,1.0,-55.0
2026-05-27_IWM_C_1015,2026-05-27,IWM,C,scout,55,False,False,True,292.0,0.54,0.55,trail,5.0,True,29.6,1.0,1.0
2026-05-27_QQQ_C_1015,2026-05-27,QQQ,C,scout,50,True,False,True,729.0,1.99,1.85,trail,5.0,True,22.1,1.0,-14.0
2026-05-27_META_C_1030,2026-05-27,META,C,prime,65,,,,615.0,7.05,5.55,timestop,15.1,False,1.4,1.1,-150.0
2026-05-27_NVDA_P_1030,2026-05-27,NVDA,P,prime,55,,,,207.5,1.86,1.73,trail,20.0,True,11.8,2.0,-13.0
2026-05-27_QQQ_C_1030,2026-05-27,QQQ,C,scout,45,True,False,True,727.0,2.0,2.48,trail,12.0,True,55.0,1.0,48.0
2026-05-27_QQQ_C_1045,2026-05-27,QQQ,C,scout,50,True,False,True,729.0,1.56,1.36,trail,4.0,True,16.0,1.0,-20.0
2026-05-27_TSLA_C_1045,2026-05-27,TSLA,C,prime,60,,,,445.0,6.9,6.5,trail,11.0,True,15.2,5.0,-40.0
2026-05-27_AAPL_C_1100,2026-05-27,AAPL,C,prime,70,,,,315.0,1.54,1.26,timestop,15.9,False,2.6,3.0,-28.0
2026-05-27_IWM_C_1115,2026-05-27,IWM,C,scout,60,False,False,True,291.0,0.52,0.44,trail,6.0,True,13.5,1.0,-8.0
2026-05-27_IWM_C_1130,2026-05-27,IWM,C,scout,45,False,False,True,291.0,0.74,0.31,timestop,16.0,False,-1.4,,-43.0
2026-05-27_META_C_1415,2026-05-27,META,C,prime,75,,,,620.0,6.35,12.9,trail,24.9,True,149.6,3.0,655.0
2026-05-27_META_C_1445,2026-05-27,META,C,prime,60,,,,630.0,7.0,10.5,trail,28.0,True,81.4,2.0,350.0
2026-05-28_TSLA_C_1000,2026-05-28,TSLA,C,prime,65,,,,442.5,4.5,4.15,trail,20.0,True,15.6,13.0,-35.0
2026-05-28_IWM_C_1015,2026-05-28,IWM,C,scout,55,True,True,False,291.0,0.49,0.49,trail,5.0,True,44.9,1.0,0.0
2026-05-28_MSFT_C_1015,2026-05-28,MSFT,C,prime,55,,,,430.0,2.95,3.05,trail,7.0,True,22.0,1.0,10.0
2026-05-28_QQQ_C_1015,2026-05-28,QQQ,C,scout,70,False,False,True,733.0,1.18,1.15,trail,5.0,True,28.8,1.0,-3.0
2026-05-28_QQQ_C_1030,2026-05-28,QQQ,C,scout,45,False,False,True,732.0,1.97,1.62,timestop,16.0,False,-0.5,,-35.0
2026-05-28_QQQ_C_1045,2026-05-28,QQQ,C,scout,45,False,False,True,733.0,1.44,2.0,window_end,28.0,True,54.9,11.0,56.0
2026-05-28_IWM_C_1115,2026-05-28,IWM,C,scout,45,False,False,True,292.0,0.41,0.53,trail,17.0,True,56.1,1.1,12.0
2026-05-28_IWM_C_1130,2026-05-28,IWM,C,scout,45,False,False,True,292.0,0.57,0.56,trail,12.0,True,19.3,4.0,-1.0
2026-05-28_IWM_C_1145,2026-05-28,IWM,C,scout,45,False,False,True,292.0,0.54,0.51,timestop,16.0,False,-1.9,,-3.0
2026-05-29_NVDA_C_1000,2026-05-29,NVDA,C,prime,60,,,,217.5,1.13,0.9,timestop,16.0,False,-1.8,,-23.0
2026-05-29_AVGO_C_1015,2026-05-29,AVGO,C,prime,55,,,,445.0,2.54,1.2,timestop,15.0,False,-8.7,,-134.0
2026-05-29_GOOGL_P_1015,2026-05-29,GOOGL,P,prime,55,,,,382.5,1.55,1.31,trail,12.1,True,10.3,8.0,-24.0
2026-05-29_MSFT_C_1015,2026-05-29,MSFT,C,prime,55,,,,445.0,0.72,0.67,timestop,16.0,False,0.0,,-5.0
2026-05-29_QQQ_C_1015,2026-05-29,QQQ,C,scout,70,False,False,True,740.0,1.6,1.4,timestop,15.0,False,1.2,5.0,-20.0
2026-05-29_QQQ_C_1030,2026-05-29,QQQ,C,scout,50,False,False,True,739.0,1.9,0.79,timestop,15.9,False,8.9,4.0,-111.0
2026-05-29_QQQ_C_1045,2026-05-29,QQQ,C,scout,45,True,False,True,736.0,2.02,2.56,trail,9.0,True,51.0,3.0,54.0
2026-05-29_TSLA_P_1045,2026-05-29,TSLA,P,prime,55,,,,427.5,1.91,0.8,timestop,16.0,False,6.8,1.0,-111.0
2026-05-29_TSLA_C_1230,2026-05-29,TSLA,C,prime,45,,,,440.0,1.32,1.39,trail,5.0,True,35.6,1.0,7.0
2026-05-29_IWM_P_1330,2026-05-29,IWM,P,scout,50,True,False,True,290.0,0.31,0.35,trail,21.2,True,38.7,11.2,4.0
2026-05-29_IWM_P_1345,2026-05-29,IWM,P,scout,50,True,False,True,290.0,0.42,0.46,trail,17.0,True,45.2,1.0,4.0
2026-05-29_IWM_P_1400,2026-05-29,IWM,P,scout,45,False,True,True,289.0,0.25,0.14,timestop,15.9,False,-4.0,,-11.0
2026-06-01_AMZN_P_1000,2026-06-01,AMZN,P,prime,55,,,,262.5,2.78,2.86,window_end,27.1,True,13.3,2.1,8.0
2026-06-01_AVGO_C_1000,2026-06-01,AVGO,C,prime,55,,,,450.0,20.25,21.4,timestop,15.9,False,6.9,3.9,115.0
2026-06-01_NVDA_C_1000,2026-06-01,NVDA,C,prime,90,,,,220.0,4.3,5.45,window_end,27.9,True,36.0,5.0,115.0
2026-06-01_IWM_P_1015,2026-06-01,IWM,P,scout,60,False,False,True,287.0,0.85,0.75,trail,12.9,True,10.6,11.0,-10.0
2026-06-01_QQQ_C_1015,2026-06-01,QQQ,C,scout,50,True,False,True,738.0,1.65,1.74,trail,3.0,True,27.3,1.0,9.0
2026-06-01_IWM_P_1030,2026-06-01,IWM,P,scout,45,False,False,True,287.0,0.75,0.8,trail,11.0,True,30.7,0.9,5.0
2026-06-01_META_P_1030,2026-06-01,META,P,prime,60,,,,610.0,10.8,8.6,timestop,18.0,False,-2.3,,-220.0
2026-06-01_QQQ_C_1030,2026-06-01,QQQ,C,scout,50,True,False,True,739.0,1.75,1.69,timestop,15.9,False,2.9,2.0,-6.0
2026-06-01_AMZN_P_1045,2026-06-01,AMZN,P,prime,45,,,,262.5,3.35,2.9,timestop,15.0,False,-3.0,,-45.0
2026-06-01_IWM_P_1045,2026-06-01,IWM,P,scout,45,False,False,True,286.0,0.49,0.49,trail,3.0,True,28.6,1.0,0.0
2026-06-01_QQQ_C_1045,2026-06-01,QQQ,C,scout,60,False,False,True,740.0,1.22,1.15,trail,12.0,True,14.8,3.0,-7.0
2026-06-01_IWM_P_1100,2026-06-01,IWM,P,scout,45,False,False,True,286.0,0.5,0.18,timestop,15.8,False,-4.0,,-32.0
2026-06-01_TSLA_P_1100,2026-06-01,TSLA,P,prime,60,,,,417.5,7.35,6.65,timestop,16.4,False,0.0,,-70.0
2026-06-01_IWM_C_1115,2026-06-01,IWM,C,scout,45,True,True,False,288.0,0.47,1.26,window_end,28.0,True,168.1,7.0,79.0
2026-06-02_NVDA_C_1015,2026-06-02,NVDA,C,prime,55,,,,230.0,4.55,3.65,timestop,15.0,False,-2.2,,-90.0
2026-06-02_TSLA_C_1030,2026-06-02,TSLA,C,prime,55,,,,420.0,7.8,9.25,window_end,28.0,True,22.4,1.0,145.0
2026-06-02_QQQ_C_1115,2026-06-02,QQQ,C,scout,45,False,False,True,746.0,1.06,0.94,timestop,15.9,False,2.8,5.0,-12.0
2026-06-02_QQQ_C_1130,2026-06-02,QQQ,C,scout,45,False,False,True,746.0,0.92,0.92,trail,14.0,True,22.8,0.9,0.0
2026-06-02_QQQ_C_1145,2026-06-02,QQQ,C,scout,45,False,False,True,746.0,0.91,0.93,trail,17.0,True,31.9,1.0,2.0
2026-06-02_IWM_C_1215,2026-06-02,IWM,C,scout,45,False,False,True,292.0,0.2,0.1,timestop,15.9,False,0.0,,-10.0
2026-06-03_AAPL_P_1000,2026-06-03,AAPL,P,prime,55,,,,312.5,1.73,1.33,timestop,15.9,False,3.5,0.9,-40.0
2026-06-03_AMZN_P_1000,2026-06-03,AMZN,P,prime,55,,,,255.0,2.66,4.0,window_end,27.6,True,52.3,1.0,134.0
2026-06-03_GOOGL_C_1000,2026-06-03,GOOGL,C,prime,55,,,,365.0,5.15,3.65,timestop,15.0,False,-1.9,,-150.0
2026-06-03_META_C_1000,2026-06-03,META,C,prime,45,,,,615.0,7.6,8.7,trail,12.1,True,40.8,1.2,110.0
2026-06-03_MSFT_P_1000,2026-06-03,MSFT,P,prime,60,,,,430.0,4.85,3.9,timestop,15.8,False,-9.3,,-95.0
2026-06-03_NVDA_P_1015,2026-06-03,NVDA,P,prime,55,,,,215.0,2.57,2.78,trail,26.0,True,28.4,1.0,21.0
2026-06-03_QQQ_C_1015,2026-06-03,QQQ,C,scout,50,False,False,True,746.0,2.07,1.88,trail,20.0,True,13.5,1.0,-19.0
2026-06-03_AMZN_P_1030,2026-06-03,AMZN,P,prime,55,,,,252.5,2.76,2.7,timestop,15.1,False,0.7,14.2,-6.0
2026-06-03_IWM_P_1045,2026-06-03,IWM,P,scout,60,False,False,True,289.0,0.7,0.59,trail,6.0,True,10.0,4.0,-11.0
2026-06-03_MSFT_P_1045,2026-06-03,MSFT,P,prime,55,,,,425.0,3.8,3.75,timestop,15.4,False,6.6,2.4,-5.0
2026-06-03_AMZN_P_1100,2026-06-03,AMZN,P,prime,55,,,,250.0,2.02,2.78,window_end,27.9,True,39.1,0.9,76.0
2026-06-03_IWM_P_1100,2026-06-03,IWM,P,scout,60,False,False,True,289.0,0.66,0.67,trail,8.0,True,28.8,5.0,1.0
2026-06-03_IWM_P_1115,2026-06-03,IWM,P,scout,80,False,True,True,288.0,0.48,0.47,trail,8.9,True,16.7,7.0,-1.0
2026-06-03_QQQ_C_1115,2026-06-03,QQQ,C,scout,55,True,False,True,746.0,1.55,1.49,timestop,15.0,False,8.4,1.0,-6.0
2026-06-03_IWM_P_1130,2026-06-03,IWM,P,scout,45,False,False,True,288.0,0.33,0.65,trail,19.0,True,139.4,0.9,32.0
2026-06-03_AMZN_P_1145,2026-06-03,AMZN,P,prime,45,,,,250.0,2.96,2.84,timestop,16.0,False,0.0,,-12.0
2026-06-03_IWM_P_1145,2026-06-03,IWM,P,scout,45,False,False,True,287.0,0.3,0.28,trail,3.9,True,16.7,1.0,-2.0
2026-06-04_META_C_1000,2026-06-04,META,C,prime,60,,,,640.0,6.85,5.2,timestop,16.0,False,-0.7,,-165.0
2026-06-04_NVDA_P_1000,2026-06-04,NVDA,P,prime,70,,,,210.0,1.31,1.34,trail,8.0,True,27.5,2.0,3.0
2026-06-04_QQQ_P_1015,2026-06-04,QQQ,P,scout,70,False,False,True,735.0,1.74,1.63,trail,7.0,True,17.2,3.0,-11.0
2026-06-04_QQQ_P_1030,2026-06-04,QQQ,P,scout,60,False,False,True,737.0,2.08,1.91,trail,10.0,True,11.5,0.9,-17.0
2026-06-04_QQQ_P_1045,2026-06-04,QQQ,P,scout,60,False,False,True,736.0,1.72,0.89,timestop,15.0,False,5.8,3.0,-83.0
2026-06-04_QQQ_P_1100,2026-06-04,QQQ,P,scout,60,False,False,True,737.0,1.22,0.59,timestop,16.0,False,4.9,1.0,-63.0
2026-06-04_IWM_C_1115,2026-06-04,IWM,C,scout,45,False,False,True,292.0,0.62,0.42,timestop,16.0,False,-1.6,,-20.0
2026-06-04_IWM_C_1130,2026-06-04,IWM,C,scout,45,False,False,True,292.0,0.41,0.16,timestop,16.0,False,2.4,1.0,-25.0
2026-06-04_IWM_C_1145,2026-06-04,IWM,C,scout,45,False,False,True,291.0,0.48,0.48,trail,17.0,True,18.8,1.0,0.0
2026-06-04_IWM_C_1200,2026-06-04,IWM,C,scout,45,False,False,True,291.0,0.51,0.48,trail,2.0,True,11.8,0.8,-3.0
2026-06-05_AMZN_P_1000,2026-06-05,AMZN,P,prime,70,,,,252.5,1.3,1.36,trail,2.0,True,25.4,1.0,6.0
2026-06-05_GOOGL_P_1000,2026-06-05,GOOGL,P,prime,65,,,,367.5,1.27,1.22,trail,2.2,True,18.9,1.3,-5.0
2026-06-05_META_P_1000,2026-06-05,META,P,prime,50,,,,615.0,1.85,2.97,trail,8.0,True,94.6,1.0,112.0
2026-06-05_TSLA_P_1000,2026-06-05,TSLA,P,prime,55,,,,407.5,2.08,1.87,trail,7.0,True,18.3,6.0,-21.0
2026-06-05_NVDA_P_1015,2026-06-05,NVDA,P,prime,55,,,,210.0,0.34,0.45,trail,8.0,True,67.6,7.0,11.0
2026-06-05_QQQ_P_1015,2026-06-05,QQQ,P,scout,55,False,False,True,726.0,2.12,2.46,trail,15.0,True,44.3,7.0,34.0
2026-06-05_SPY_P_1015,2026-06-05,SPY,P,scout,55,False,False,True,750.0,1.34,1.7,trail,15.0,True,53.7,6.0,36.0
2026-06-05_IWM_P_1030,2026-06-05,IWM,P,scout,45,False,False,True,286.0,0.6,0.41,timestop,16.0,False,-1.7,,-19.0
2026-06-05_QQQ_P_1030,2026-06-05,QQQ,P,scout,45,False,False,True,724.0,1.57,1.56,timestop,16.0,False,-0.6,,-1.0
2026-06-05_SPY_P_1030,2026-06-05,SPY,P,scout,60,False,False,True,749.0,1.23,1.18,timestop,15.0,False,2.4,13.0,-5.0
2026-06-05_IWM_C_1045,2026-06-05,IWM,C,scout,45,True,True,False,288.0,0.64,0.72,trail,10.1,True,37.5,5.1,8.0
2026-06-05_QQQ_P_1045,2026-06-05,QQQ,P,scout,45,False,False,True,725.0,1.78,1.92,trail,5.0,True,30.3,1.0,14.0
2026-06-05_SPY_P_1045,2026-06-05,SPY,P,scout,60,False,False,True,749.0,1.19,1.13,trail,5.0,True,16.0,1.0,-6.0
2026-06-05_IWM_P_1100,2026-06-05,IWM,P,scout,45,False,False,True,287.0,0.59,0.94,trail,17.0,True,103.4,1.0,35.0
2026-06-05_QQQ_P_1100,2026-06-05,QQQ,P,scout,45,False,False,True,725.0,1.92,2.91,trail,17.0,True,80.7,1.0,99.0
2026-06-05_SPY_P_1100,2026-06-05,SPY,P,scout,45,False,False,True,749.0,1.04,1.82,window_end,28.0,True,96.2,1.0,78.0
2026-06-05_IWM_P_1115,2026-06-05,IWM,P,scout,45,False,False,True,286.0,0.69,0.64,trail,12.0,True,13.0,7.0,-5.0
2026-06-05_TSLA_P_1115,2026-06-05,TSLA,P,prime,60,,,,400.0,1.68,1.35,timestop,16.0,False,-1.8,,-33.0
2026-06-05_IWM_P_1130,2026-06-05,IWM,P,scout,45,False,False,True,286.0,0.6,0.96,trail,12.0,True,100.0,0.9,36.0
2026-06-05_MSFT_P_1130,2026-06-05,MSFT,P,prime,55,,,,420.0,0.71,0.88,trail,19.0,True,46.5,4.0,17.0
2026-06-08_IWM_P_1015,2026-06-08,IWM,P,scout,50,True,False,True,284.0,0.83,0.47,timestop,16.0,False,-1.2,,-36.0
2026-06-08_IWM_P_1030,2026-06-08,IWM,P,scout,50,True,False,True,285.0,0.82,0.47,timestop,16.0,False,-1.2,,-35.0
2026-06-08_QQQ_P_1030,2026-06-08,QQQ,P,scout,50,True,False,True,717.0,2.25,1.47,timestop,15.0,False,3.1,1.0,-78.0
2026-06-08_SPY_P_1030,2026-06-08,SPY,P,scout,50,True,False,True,742.0,1.61,1.51,trail,14.0,True,11.2,1.0,-10.0
2026-06-08_QQQ_P_1045,2026-06-08,QQQ,P,scout,50,True,False,True,718.0,1.82,0.94,timestop,16.0,False,-0.5,,-88.0
2026-06-08_SPY_P_1045,2026-06-08,SPY,P,scout,50,True,False,True,742.0,1.17,0.57,timestop,16.0,False,-0.9,,-60.0
2026-06-08_SPY_C_1100,2026-06-08,SPY,C,scout,45,True,False,False,745.0,1.49,1.42,timestop,16.0,False,8.7,1.0,-7.0
2026-06-08_SPY_P_1130,2026-06-08,SPY,P,scout,50,True,False,True,743.0,1.97,1.68,trail,7.0,True,12.7,2.0,-29.0
2026-06-08_SPY_P_1145,2026-06-08,SPY,P,scout,50,True,False,True,743.0,1.11,1.06,trail,6.0,True,20.7,3.0,-5.0
2026-06-08_SPY_P_1200,2026-06-08,SPY,P,scout,70,True,True,True,742.0,1.3,0.7,timestop,16.0,False,-0.8,,-60.0
2026-06-08_IWM_P_1300,2026-06-08,IWM,P,scout,45,True,True,False,285.0,0.66,0.73,trail,5.0,True,36.4,1.0,7.0
2026-06-08_QQQ_P_1315,2026-06-08,QQQ,P,scout,45,True,True,False,717.0,1.55,1.39,trail,6.0,True,11.0,3.0,-16.0
2026-06-08_AAPL_P_1400,2026-06-08,AAPL,P,prime,30,,,,307.5,4.15,5.1,trail,9.9,True,51.8,2.0,95.0
2026-06-08_IWM_P_1415,2026-06-08,IWM,P,scout,50,True,False,True,284.0,0.19,0.08,timestop,15.8,False,-5.3,,-11.0
2026-06-09_META_C_1000,2026-06-09,META,C,prime,50,,,,600.0,7.15,6.15,timestop,15.2,False,2.8,1.2,-100.0
2026-06-09_IWM_C_1015,2026-06-09,IWM,C,scout,55,False,False,True,289.0,0.68,0.71,trail,11.0,True,33.8,7.0,3.0
2026-06-09_IWM_C_1030,2026-06-09,IWM,C,scout,70,False,False,True,288.0,0.68,0.81,trail,5.0,True,55.9,1.0,13.0
2026-06-09_QQQ_P_1030,2026-06-09,QQQ,P,scout,65,True,False,True,715.0,3.11,6.18,trail,24.0,True,156.9,13.0,307.0
2026-06-09_SPY_P_1030,2026-06-09,SPY,P,scout,45,True,False,True,741.0,2.26,5.48,trail,21.0,True,191.6,13.0,322.0
2026-06-09_QQQ_P_1045,2026-06-09,QQQ,P,scout,45,False,False,True,712.0,3.37,4.81,trail,6.0,True,76.3,1.0,144.0
2026-06-09_SPY_P_1045,2026-06-09,SPY,P,scout,45,False,False,True,738.0,2.24,3.44,trail,6.0,True,96.9,1.0,120.0
2026-06-09_IWM_C_1100,2026-06-09,IWM,C,scout,45,True,False,True,286.0,1.02,0.54,timestop,16.0,False,-2.0,,-48.0
2026-06-09_QQQ_P_1100,2026-06-09,QQQ,P,scout,55,False,False,True,710.0,2.76,2.76,trail,3.0,True,19.6,1.0,0.0
2026-06-09_SPY_P_1100,2026-06-09,SPY,P,scout,55,False,False,True,737.0,1.85,2.13,trail,6.0,True,38.9,1.0,28.0
2026-06-09_QQQ_P_1115,2026-06-09,QQQ,P,scout,45,False,False,True,711.0,3.18,8.54,trail,25.9,True,235.8,1.0,536.0
2026-06-09_SPY_P_1115,2026-06-09,SPY,P,scout,45,False,False,True,737.0,2.03,5.53,trail,26.0,True,233.5,1.0,350.0
2026-06-09_SPY_P_1130,2026-06-09,SPY,P,scout,45,False,False,True,731.0,2.37,2.26,trail,5.0,True,17.3,1.0,-11.0
2026-06-09_IWM_P_1145,2026-06-09,IWM,P,scout,45,False,False,True,282.0,0.73,0.64,trail,6.0,True,17.8,2.0,-9.0
2026-06-09_IWM_P_1200,2026-06-09,IWM,P,scout,45,False,False,True,280.0,0.58,0.8,trail,11.0,True,72.4,2.9,22.0
2026-06-09_IWM_P_1215,2026-06-09,IWM,P,scout,45,False,False,True,280.0,1.08,1.3,trail,7.0,True,54.6,1.0,22.0
2026-06-09_NVDA_P_1215,2026-06-09,NVDA,P,prime,60,,,,200.0,3.2,3.05,trail,10.1,True,15.6,1.1,-15.0
2026-06-09_IWM_P_1230,2026-06-09,IWM,P,scout,45,False,False,True,279.0,1.09,1.3,trail,13.0,True,81.7,8.0,21.0
2026-06-09_IWM_P_1245,2026-06-09,IWM,P,scout,55,False,False,True,278.0,0.82,0.81,trail,2.0,True,26.8,1.0,-1.0
2026-06-09_MSFT_P_1245,2026-06-09,MSFT,P,prime,65,,,,395.0,3.9,3.25,timestop,16.2,False,5.1,1.0,-65.0
2026-06-10_AMZN_P_1000,2026-06-10,AMZN,P,prime,75,,,,240.0,2.86,2.09,timestop,15.8,False,-2.4,,-77.0
2026-06-10_IWM_C_1015,2026-06-10,IWM,C,scout,45,False,False,True,289.0,0.85,0.83,trail,2.0,True,16.5,1.0,-2.0
2026-06-10_IWM_C_1030,2026-06-10,IWM,C,scout,45,False,False,True,289.0,1.01,0.96,trail,6.0,True,20.8,4.0,-5.0
2026-06-10_IWM_C_1045,2026-06-10,IWM,C,scout,45,False,False,True,288.0,0.96,0.46,timestop,16.0,False,1.0,1.0,-50.0
2026-06-10_IWM_C_1115,2026-06-10,IWM,C,scout,50,True,False,True,285.0,0.81,0.77,trail,3.0,True,12.3,0.9,-4.0
2026-06-10_META_P_1115,2026-06-10,META,P,prime,60,,,,575.0,7.65,5.9,timestop,16.0,False,-5.9,,-175.0
2026-06-10_QQQ_P_1230,2026-06-10,QQQ,P,scout,45,False,False,True,698.0,2.97,3.1,timestop,16.0,False,4.4,15.0,13.0
2026-06-10_SPY_P_1230,2026-06-10,SPY,P,scout,45,False,False,True,730.0,2.11,2.21,timestop,16.0,False,4.7,15.0,10.0
2026-06-10_QQQ_P_1245,2026-06-10,QQQ,P,scout,45,False,False,True,699.0,3.51,3.12,trail,6.0,True,12.3,1.0,-39.0
2026-06-10_SPY_P_1245,2026-06-10,SPY,P,scout,45,False,False,True,730.0,2.15,1.9,trail,6.0,True,13.0,1.0,-25.0
2026-06-10_QQQ_P_1300,2026-06-10,QQQ,P,scout,45,False,False,True,698.0,2.44,2.08,trail,3.0,True,14.3,1.0,-36.0
2026-06-10_SPY_P_1300,2026-06-10,SPY,P,scout,45,False,False,True,730.0,1.67,1.66,trail,2.0,True,18.0,1.0,-1.0
2026-06-10_QQQ_P_1315,2026-06-10,QQQ,P,scout,45,False,False,True,696.0,2.46,2.2,timestop,15.0,False,0.8,2.0,-26.0
2026-06-10_SPY_P_1315,2026-06-10,SPY,P,scout,45,False,False,True,729.0,2.04,1.92,timestop,15.0,False,1.0,2.0,-12.0
2026-06-10_IWM_P_1330,2026-06-10,IWM,P,scout,55,True,False,True,284.0,1.0,1.03,trail,14.9,True,28.0,1.0,3.0
2026-06-10_QQQ_P_1330,2026-06-10,QQQ,P,scout,45,False,False,True,697.0,2.7,2.44,timestop,15.0,False,7.0,1.0,-26.0
2026-06-10_SPY_P_1330,2026-06-10,SPY,P,scout,45,False,False,True,729.0,1.94,1.4,trail,16.0,True,18.6,5.0,-54.0
2026-06-10_IWM_P_1345,2026-06-10,IWM,P,scout,45,False,False,True,283.0,0.58,0.24,timestop,16.0,False,-1.7,,-34.0
2026-06-10_AAPL_C_1400,2026-06-10,AAPL,C,prime,45,,,,295.0,2.5,2.56,window_end,27.8,True,11.2,3.0,6.0
2026-06-10_IWM_P_1400,2026-06-10,IWM,P,scout,55,True,False,True,284.0,0.45,0.48,trail,8.0,True,28.9,0.9,3.0
2026-06-10_IWM_P_1415,2026-06-10,IWM,P,scout,55,True,False,True,284.0,0.44,1.22,window_end,28.0,True,197.7,2.0,78.0
2026-06-10_META_P_1445,2026-06-10,META,P,prime,80,,,,570.0,5.95,6.1,timestop,15.2,False,2.5,15.2,15.0
2026-06-11_AMZN_C_1000,2026-06-11,AMZN,C,prime,65,,,,237.5,2.56,2.45,trail,5.0,True,16.8,1.1,-11.0
2026-06-11_GOOGL_P_1000,2026-06-11,GOOGL,P,prime,60,,,,347.5,3.25,3.3,timestop,15.9,False,9.2,12.0,5.0
2026-06-11_META_P_1000,2026-06-11,META,P,prime,55,,,,560.0,4.25,4.95,trail,23.0,True,56.5,5.0,70.0
2026-06-11_MSFT_P_1000,2026-06-11,MSFT,P,prime,55,,,,390.0,2.95,3.85,trail,22.9,True,54.2,9.0,90.0
2026-06-11_SPY_P_1030,2026-06-11,SPY,P,scout,50,True,False,True,728.0,2.84,2.6,timestop,16.0,False,4.9,2.0,-24.0
2026-06-11_SPY_P_1045,2026-06-11,SPY,P,scout,50,True,False,True,728.0,2.52,3.74,trail,18.0,True,87.3,1.0,122.0
2026-06-11_IWM_C_1100,2026-06-11,IWM,C,scout,45,True,False,False,286.0,0.74,1.26,trail,17.0,True,106.8,2.0,52.0
2026-06-11_SPY_P_1100,2026-06-11,SPY,P,scout,45,False,False,True,725.0,2.81,1.47,timestop,16.0,False,8.2,1.0,-134.0
2026-06-11_IWM_C_1115,2026-06-11,IWM,C,scout,60,False,False,True,287.0,0.98,0.67,timestop,16.0,False,0.0,,-31.0
2026-06-11_IWM_C_1130,2026-06-11,IWM,C,scout,45,False,False,True,287.0,0.65,0.75,trail,8.9,True,36.9,1.0,10.0
2026-06-11_QQQ_C_1145,2026-06-11,QQQ,C,scout,50,True,True,False,701.0,2.99,3.05,trail,6.0,True,23.4,1.0,6.0
2026-06-11_SPY_C_1200,2026-06-11,SPY,C,scout,45,True,True,False,729.0,2.07,2.03,trail,22.0,True,26.1,7.0,-4.0
2026-06-11_SPY_C_1230,2026-06-11,SPY,C,scout,45,True,False,False,728.0,1.97,2.48,trail,9.0,True,62.4,1.0,51.0
2026-06-11_MSFT_P_1315,2026-06-11,MSFT,P,prime,55,,,,385.0,3.75,2.12,timestop,16.0,False,5.3,2.0,-163.0
2026-06-11_QQQ_C_1415,2026-06-11,QQQ,C,scout,45,False,False,True,710.0,2.35,2.46,trail,5.0,True,23.8,1.0,11.0
2026-06-12_AMZN_P_1000,2026-06-12,AMZN,P,prime,65,,,,232.5,0.51,0.17,timestop,16.0,False,-5.9,,-34.0
2026-06-12_IWM_C_1015,2026-06-12,IWM,C,scout,45,False,False,True,294.0,1.11,1.09,trail,6.0,True,20.7,1.0,-2.0
2026-06-12_QQQ_C_1015,2026-06-12,QQQ,C,scout,45,False,False,True,719.0,4.36,3.92,trail,6.0,True,11.5,1.0,-44.0
2026-06-12_SPY_C_1015,2026-06-12,SPY,C,scout,60,False,False,True,740.0,2.8,2.58,trail,6.0,True,15.4,1.0,-22.0
2026-06-12_IWM_C_1030,2026-06-12,IWM,C,scout,45,False,False,True,294.0,1.41,0.98,timestop,15.0,False,-0.7,,-43.0
2026-06-12_QQQ_C_1030,2026-06-12,QQQ,C,scout,45,False,False,True,719.0,4.02,2.26,timestop,16.0,False,3.5,5.0,-176.0
2026-06-12_SPY_C_1030,2026-06-12,SPY,C,scout,45,False,False,True,740.0,2.93,2.01,timestop,15.0,False,-0.3,,-92.0
2026-06-12_IWM_C_1045,2026-06-12,IWM,C,scout,45,False,False,True,294.0,1.0,1.64,trail,25.9,True,98.0,7.0,64.0
2026-06-12_QQQ_C_1100,2026-06-12,QQQ,C,scout,45,False,False,True,721.0,3.96,3.87,timestop,16.0,False,5.3,10.0,-9.0
2026-06-12_SPY_C_1100,2026-06-12,SPY,C,scout,60,False,False,True,743.0,2.47,2.2,timestop,15.0,False,-0.4,,-27.0
2026-06-12_QQQ_C_1115,2026-06-12,QQQ,C,scout,45,False,False,True,723.0,2.88,3.01,trail,16.0,True,23.3,2.0,13.0
2026-06-12_SPY_C_1115,2026-06-12,SPY,C,scout,45,False,False,True,744.0,1.75,1.84,trail,16.0,True,30.3,2.0,9.0
2026-06-15_GOOGL_C_1000,2026-06-15,GOOGL,C,prime,70,,,,370.0,5.3,5.1,trail,4.0,True,13.2,1.0,-20.0
2026-06-15_IWM_C_1015,2026-06-15,IWM,C,scout,45,False,False,True,296.0,0.62,0.64,trail,6.0,True,25.8,3.0,2.0
2026-06-15_QQQ_C_1015,2026-06-15,QQQ,C,scout,60,False,False,True,741.0,1.79,1.71,trail,17.0,True,14.0,12.0,-8.0
2026-06-15_SPY_C_1015,2026-06-15,SPY,C,scout,60,False,False,True,754.0,0.93,0.9,trail,22.0,True,19.4,2.0,-3.0
2026-06-15_IWM_C_1030,2026-06-15,IWM,C,scout,45,False,False,True,296.0,0.5,0.44,trail,7.0,True,12.0,5.0,-6.0
2026-06-15_QQQ_C_1030,2026-06-15,QQQ,C,scout,60,False,False,True,741.0,1.95,1.54,timestop,15.0,False,1.5,3.0,-41.0
2026-06-15_SPY_C_1030,2026-06-15,SPY,C,scout,60,False,False,True,754.0,0.99,0.96,timestop,16.0,False,6.1,3.0,-3.0
2026-06-15_IWM_C_1045,2026-06-15,IWM,C,scout,45,False,False,True,296.0,0.54,0.28,timestop,15.0,False,-3.7,,-26.0
2026-06-15_QQQ_C_1045,2026-06-15,QQQ,C,scout,45,False,False,True,741.0,1.56,2.43,window_end,27.9,True,75.0,3.0,87.0
2026-06-15_SPY_C_1045,2026-06-15,SPY,C,scout,60,False,False,True,754.0,1.04,1.41,window_end,28.0,True,48.1,3.0,37.0
2026-06-15_IWM_C_1115,2026-06-15,IWM,C,scout,45,False,False,True,296.0,0.29,0.66,window_end,28.0,True,127.6,8.0,37.0
2026-06-16_GOOGL_P_1000,2026-06-16,GOOGL,P,prime,70,,,,367.5,3.8,2.32,timestop,18.2,False,-11.8,,-148.0
2026-06-16_META_C_1000,2026-06-16,META,C,prime,50,,,,605.0,7.65,5.1,timestop,15.9,False,6.5,8.0,-255.0
2026-06-16_NVDA_P_1000,2026-06-16,NVDA,P,prime,45,,,,207.5,1.84,1.61,timestop,15.3,False,-1.1,,-23.0
2026-06-16_TSLA_C_1000,2026-06-16,TSLA,C,prime,55,,,,410.0,6.6,5.0,timestop,16.0,False,-1.5,,-160.0
2026-06-16_AVGO_P_1015,2026-06-16,AVGO,P,prime,55,,,,382.5,5.55,5.3,trail,24.1,True,18.0,0.7,-25.0
2026-06-16_GOOGL_C_1015,2026-06-16,GOOGL,C,prime,60,,,,372.5,3.4,3.1,trail,12.9,True,14.7,3.0,-30.0
2026-06-16_QQQ_C_1030,2026-06-16,QQQ,C,scout,45,True,False,True,740.0,1.52,1.37,trail,15.0,True,26.3,7.0,-15.0
2026-06-16_GOOGL_C_1045,2026-06-16,GOOGL,C,prime,65,,,,375.0,3.6,3.95,trail,24.0,True,30.6,12.0,35.0
2026-06-17_MSFT_P_1000,2026-06-17,MSFT,P,prime,70,,,,385.0,1.76,1.76,trail,12.0,True,21.6,1.0,0.0
2026-06-17_NVDA_P_1000,2026-06-17,NVDA,P,prime,80,,,,205.0,0.98,0.99,trail,12.0,True,20.4,1.0,1.0
2026-06-17_TSLA_P_1000,2026-06-17,TSLA,P,prime,70,,,,397.5,4.35,3.25,timestop,15.9,False,6.9,1.6,-110.0
2026-06-17_IWM_P_1015,2026-06-17,IWM,P,scout,50,True,False,True,294.0,1.23,1.63,window_end,27.9,True,53.7,3.0,40.0
2026-06-17_AMZN_P_1045,2026-06-17,AMZN,P,prime,65,,,,240.0,1.48,1.56,trail,4.1,True,25.0,2.1,8.0
2026-06-17_IWM_C_1045,2026-06-17,IWM,C,scout,55,True,False,False,294.0,1.3,1.29,trail,12.0,True,18.5,1.1,-1.0
2026-06-17_QQQ_P_1045,2026-06-17,QQQ,P,scout,50,True,False,True,733.0,3.44,3.97,trail,5.9,True,38.4,2.0,53.0
2026-06-17_IWM_C_1100,2026-06-17,IWM,C,scout,45,True,False,False,294.0,1.41,1.32,trail,9.0,True,13.5,1.9,-9.0
2026-06-17_TSLA_P_1100,2026-06-17,TSLA,P,prime,65,,,,397.5,3.95,3.95,window_end,28.1,True,13.9,4.2,0.0
2026-06-17_IWM_C_1130,2026-06-17,IWM,C,scout,45,False,False,True,295.0,1.38,1.69,window_end,28.0,True,22.5,2.0,31.0
2026-06-17_QQQ_P_1130,2026-06-17,QQQ,P,scout,50,True,False,True,732.0,3.01,2.81,timestop,15.0,False,-0.3,,-20.0
2026-06-17_IWM_C_1145,2026-06-17,IWM,C,scout,45,False,False,True,296.0,1.05,1.07,window_end,28.0,True,12.4,3.0,2.0
2026-06-17_QQQ_P_1145,2026-06-17,QQQ,P,scout,50,True,False,True,732.0,2.83,2.22,timestop,16.0,False,-0.7,,-61.0
2026-06-17_QQQ_C_1200,2026-06-17,QQQ,C,scout,65,True,True,False,734.0,2.89,2.46,timestop,16.0,False,-0.3,,-43.0
2026-06-17_MSFT_P_1215,2026-06-17,MSFT,P,prime,45,,,,385.0,2.62,2.86,timestop,15.3,False,9.2,8.5,24.0
2026-06-17_QQQ_P_1215,2026-06-17,QQQ,P,scout,50,True,False,True,733.0,2.82,2.51,timestop,15.0,False,6.0,1.0,-31.0
2026-06-17_NVDA_P_1415,2026-06-17,NVDA,P,prime,60,,,,205.0,1.13,1.22,trail,16.0,True,38.9,1.0,9.0
2026-06-18_AAPL_C_1000,2026-06-18,AAPL,C,prime,55,,,,300.0,0.62,0.65,trail,2.0,True,24.2,1.0,3.0
2026-06-18_IWM_P_1015,2026-06-18,IWM,P,scout,45,False,False,True,291.0,0.93,0.42,timestop,15.9,False,-1.1,,-51.0
2026-06-18_QQQ_P_1015,2026-06-18,QQQ,P,scout,50,True,False,True,735.0,2.41,2.38,trail,16.0,True,17.0,15.0,-3.0
2026-06-18_SPY_P_1030,2026-06-18,SPY,P,scout,50,True,False,True,745.0,2.01,0.99,timestop,16.0,False,-0.5,,-102.0
2026-06-18_IWM_C_1045,2026-06-18,IWM,C,scout,45,True,True,False,294.0,0.66,0.83,trail,17.0,True,59.1,1.0,17.0
2026-06-18_SPY_P_1045,2026-06-18,SPY,P,scout,50,True,False,True,746.0,1.51,1.3,timestop,16.0,False,-0.7,,-21.0
2026-06-18_IWM_P_1100,2026-06-18,IWM,P,scout,50,True,False,True,294.0,0.79,0.77,trail,9.9,True,20.3,1.0,-2.0
2026-06-18_SPY_P_1100,2026-06-18,SPY,P,scout,50,True,False,True,746.0,1.25,1.18,trail,10.0,True,11.2,1.0,-7.0
2026-06-18_AMZN_C_1115,2026-06-18,AMZN,C,prime,50,,,,242.5,0.7,0.65,trail,3.0,True,14.3,1.0,-5.0
2026-06-18_IWM_P_1115,2026-06-18,IWM,P,scout,50,True,False,True,293.0,0.55,0.44,trail,12.0,True,16.4,1.0,-11.0
2026-06-18_QQQ_C_1115,2026-06-18,QQQ,C,scout,45,False,False,True,739.0,1.65,1.19,timestop,15.0,False,-1.2,,-46.0
2026-06-18_SPY_P_1115,2026-06-18,SPY,P,scout,50,True,False,True,746.0,1.32,1.3,trail,12.0,True,22.7,1.0,-2.0
2026-06-18_QQQ_C_1130,2026-06-18,QQQ,C,scout,45,False,False,True,737.0,2.25,1.13,timestop,16.0,False,-0.9,,-112.0
2026-06-18_SPY_P_1130,2026-06-18,SPY,P,scout,70,True,True,True,745.0,1.11,1.46,trail,9.0,True,58.6,1.0,35.0
2026-06-18_IWM_P_1145,2026-06-18,IWM,P,scout,45,True,False,True,293.0,0.54,0.42,trail,7.0,True,11.1,1.0,-12.0
2026-06-18_QQQ_C_1145,2026-06-18,QQQ,C,scout,65,True,False,True,736.0,1.71,3.42,window_end,27.9,True,114.0,2.0,171.0
2026-06-18_IWM_C_1200,2026-06-18,IWM,C,scout,45,True,False,False,294.0,0.74,0.64,timestop,16.0,False,6.8,5.0,-10.0
2026-06-18_QQQ_C_1200,2026-06-18,QQQ,C,scout,45,False,False,True,739.0,1.62,1.19,timestop,15.0,False,-1.2,,-43.0
2026-06-18_SPY_C_1215,2026-06-18,SPY,C,scout,55,True,False,False,747.0,0.69,0.76,trail,9.0,True,30.4,2.0,7.0
2026-06-18_SPY_C_1230,2026-06-18,SPY,C,scout,45,True,False,False,747.0,0.82,0.91,trail,16.0,True,32.9,7.0,9.0
2026-06-22_AAPL_C_1015,2026-06-22,AAPL,C,prime,65,,,,302.5,3.35,2.81,timestop,15.0,False,-4.5,,-54.0
2026-06-22_AMZN_P_1015,2026-06-22,AMZN,P,prime,60,,,,237.5,3.85,4.75,window_end,27.3,True,32.5,3.0,90.0
2026-06-22_IWM_C_1015,2026-06-22,IWM,C,scout,45,False,False,True,299.0,0.46,0.21,timestop,16.0,False,-4.3,,-25.0
2026-06-22_QQQ_C_1030,2026-06-22,QQQ,C,scout,50,True,False,True,741.0,1.91,1.78,trail,8.0,True,11.5,5.0,-13.0
2026-06-22_TSLA_C_1030,2026-06-22,TSLA,C,prime,55,,,,410.0,9.0,8.05,timestop,15.1,False,2.2,5.1,-95.0
2026-06-22_SPY_P_1100,2026-06-22,SPY,P,scout,45,False,False,True,744.0,1.17,1.22,trail,11.0,True,32.5,5.0,5.0
2026-06-22_SPY_P_1115,2026-06-22,SPY,P,scout,45,False,False,True,744.0,1.31,1.14,timestop,16.0,False,9.9,4.0,-17.0
2026-06-22_SPY_P_1130,2026-06-22,SPY,P,scout,45,False,False,True,744.0,1.23,0.59,timestop,16.0,False,-0.8,,-64.0
2026-06-22_IWM_C_1145,2026-06-22,IWM,C,scout,80,False,True,True,298.0,0.72,0.36,timestop,16.0,False,-1.4,,-36.0
2026-06-22_SPY_P_1145,2026-06-22,SPY,P,scout,55,True,False,True,745.0,0.77,1.38,trail,5.0,True,111.7,1.0,61.0
2026-06-22_SPY_P_1200,2026-06-22,SPY,P,scout,45,False,False,True,744.0,1.01,1.18,trail,8.0,True,42.6,1.0,17.0
2026-06-22_IWM_C_1215,2026-06-22,IWM,C,scout,60,False,False,True,298.0,0.38,0.34,trail,7.1,True,28.9,4.1,-4.0
2026-06-23_QQQ_P_1015,2026-06-23,QQQ,P,scout,55,False,False,True,722.0,3.1,2.88,trail,21.0,True,23.2,12.0,-22.0
2026-06-23_QQQ_P_1030,2026-06-23,QQQ,P,scout,45,False,False,True,722.0,3.26,2.88,trail,6.0,True,17.2,1.0,-38.0
2026-06-23_SPY_P_1030,2026-06-23,SPY,P,scout,45,False,False,True,738.0,1.79,1.68,trail,6.0,True,12.8,1.0,-11.0
2026-06-23_QQQ_P_1045,2026-06-23,QQQ,P,scout,60,False,False,True,719.0,2.85,2.66,trail,16.0,True,12.3,1.0,-19.0
2026-06-23_SPY_P_1045,2026-06-23,SPY,P,scout,45,False,False,True,737.0,1.92,1.83,timestop,16.0,False,6.2,1.0,-9.0
2026-06-23_QQQ_P_1100,2026-06-23,QQQ,P,scout,60,False,False,True,718.0,2.33,3.85,window_end,28.0,True,65.2,2.0,152.0
2026-06-23_SPY_P_1100,2026-06-23,SPY,P,scout,60,False,False,True,737.0,1.84,3.24,window_end,28.0,True,76.1,2.0,140.0
2026-06-23_SPY_P_1115,2026-06-23,SPY,P,scout,80,False,True,True,736.0,1.85,2.09,trail,16.0,True,39.5,1.0,24.0
2026-06-23_IWM_C_1300,2026-06-23,IWM,C,scout,55,True,False,True,298.0,0.22,0.18,trail,17.0,True,13.6,11.0,-4.0
2026-06-23_IWM_C_1315,2026-06-23,IWM,C,scout,55,True,False,True,298.0,0.26,0.27,trail,10.0,True,23.1,7.0,1.0
2026-06-23_IWM_C_1330,2026-06-23,IWM,C,scout,55,True,False,True,298.0,0.19,0.18,trail,6.9,True,21.1,3.9,-1.0
2026-06-23_IWM_C_1345,2026-06-23,IWM,C,scout,55,True,False,True,297.0,0.42,0.21,timestop,15.0,False,-4.8,,-21.0
2026-06-24_GOOGL_C_1000,2026-06-24,GOOGL,C,prime,65,,,,352.5,3.5,2.98,timestop,15.7,False,-1.4,,-52.0
2026-06-24_NVDA_P_1000,2026-06-24,NVDA,P,prime,55,,,,200.0,2.65,2.76,trail,25.0,True,24.5,3.0,11.0
2026-06-24_IWM_P_1015,2026-06-24,IWM,P,scout,70,True,False,True,296.0,0.95,0.33,timestop,16.0,False,8.4,1.0,-62.0
2026-06-24_QQQ_P_1015,2026-06-24,QQQ,P,scout,45,False,False,True,714.0,3.85,3.76,trail,6.0,True,19.2,1.0,-9.0
2026-06-24_SPY_P_1015,2026-06-24,SPY,P,scout,60,False,False,True,735.0,1.98,1.02,timestop,16.0,False,8.6,1.0,-96.0
2026-06-24_QQQ_C_1030,2026-06-24,QQQ,C,scout,45,True,True,False,716.0,3.32,3.72,trail,24.0,True,40.4,1.0,40.0
2026-06-24_SPY_P_1030,2026-06-24,SPY,P,scout,50,True,False,True,736.0,1.39,1.12,trail,14.0,True,21.6,2.0,-27.0
2026-06-24_QQQ_P_1045,2026-06-24,QQQ,P,scout,50,True,False,True,717.0,2.9,1.63,timestop,16.0,False,-0.3,,-127.0
2026-06-24_IWM_C_1100,2026-06-24,IWM,C,scout,45,False,False,True,300.0,0.39,0.4,trail,24.0,True,43.6,1.0,1.0
2026-06-24_IWM_C_1115,2026-06-24,IWM,C,scout,45,False,False,True,300.0,0.4,0.4,trail,9.0,True,40.0,1.0,0.0
2026-06-24_QQQ_P_1115,2026-06-24,QQQ,P,scout,50,True,False,True,716.0,2.18,2.48,trail,11.0,True,34.4,6.0,30.0
2026-06-24_IWM_C_1130,2026-06-24,IWM,C,scout,45,False,False,True,300.0,0.51,0.27,timestop,16.0,False,-2.0,,-24.0
2026-06-24_QQQ_P_1130,2026-06-24,QQQ,P,scout,50,True,False,True,717.0,2.09,2.19,trail,5.1,True,29.2,1.0,10.0
2026-06-24_QQQ_P_1200,2026-06-24,QQQ,P,scout,50,True,False,True,716.0,2.13,1.88,trail,10.0,True,16.4,1.0,-25.0
2026-06-24_SPY_P_1345,2026-06-24,SPY,P,scout,45,False,False,True,731.0,1.23,0.82,timestop,16.0,False,-0.8,,-41.0
2026-06-24_SPY_P_1400,2026-06-24,SPY,P,scout,45,False,False,True,731.0,1.06,0.44,timestop,15.0,False,-1.9,,-62.0
2026-06-24_GOOGL_P_1445,2026-06-24,GOOGL,P,prime,70,,,,342.5,3.75,3.6,trail,20.8,True,16.0,1.0,-15.0
2026-06-25_AVGO_P_1000,2026-06-25,AVGO,P,prime,70,,,,372.5,5.9,3.05,timestop,15.9,False,-13.6,,-285.0
2026-06-25_META_P_1000,2026-06-25,META,P,prime,55,,,,545.0,5.2,3.25,timestop,16.0,False,-5.8,,-195.0
2026-06-25_TSLA_P_1000,2026-06-25,TSLA,P,prime,45,,,,370.0,3.85,2.64,timestop,16.0,False,-1.3,,-121.0
2026-06-25_IWM_C_1015,2026-06-25,IWM,C,scout,60,False,True,True,300.0,0.93,1.14,trail,7.0,True,51.6,4.0,21.0
2026-06-25_QQQ_P_1015,2026-06-25,QQQ,P,scout,45,True,False,True,711.0,4.04,3.19,trail,4.0,True,10.9,1.0,-85.0
2026-06-25_SPY_C_1015,2026-06-25,SPY,C,scout,55,True,True,False,735.0,1.84,2.44,trail,7.0,True,63.0,2.0,60.0
2026-06-25_IWM_C_1045,2026-06-25,IWM,C,scout,45,False,False,True,301.0,0.59,0.99,trail,9.9,True,100.0,3.0,40.0
2026-06-25_IWM_C_1100,2026-06-25,IWM,C,scout,45,False,False,True,301.0,0.72,0.16,timestop,15.0,False,-2.8,,-56.0
2026-06-25_SPY_P_1100,2026-06-25,SPY,P,scout,50,True,False,True,735.0,1.91,3.01,trail,18.0,True,94.8,5.0,110.0
2026-06-25_IWM_C_1115,2026-06-25,IWM,C,scout,55,True,False,True,299.0,0.74,0.81,trail,5.0,True,35.1,2.0,7.0
2026-06-25_SPY_P_1115,2026-06-25,SPY,P,scout,55,True,True,True,732.0,2.11,1.01,timestop,16.0,False,-0.9,,-110.0
2026-06-25_SPY_P_1400,2026-06-25,SPY,P,scout,55,True,False,True,733.0,1.18,1.9,trail,4.0,True,91.5,2.0,72.0
2026-06-26_QQQ_P_1015,2026-06-26,QQQ,P,scout,65,True,False,True,712.0,3.04,2.53,trail,5.0,True,18.1,1.0,-51.0
2026-06-26_TSLA_C_1015,2026-06-26,TSLA,C,prime,70,,,,377.5,2.45,2.2,timestop,16.0,False,1.6,13.0,-25.0
2026-06-26_QQQ_P_1030,2026-06-26,QQQ,P,scout,55,True,False,True,712.0,2.91,3.72,trail,11.0,True,50.9,1.0,81.0
2026-06-26_IWM_C_1045,2026-06-26,IWM,C,scout,45,True,False,True,299.0,0.66,0.55,trail,7.0,True,24.2,1.0,-11.0
2026-06-26_QQQ_P_1045,2026-06-26,QQQ,P,scout,45,False,False,True,710.0,2.9,2.31,timestop,16.0,False,-0.7,,-59.0
2026-06-26_IWM_C_1100,2026-06-26,IWM,C,scout,55,True,False,True,299.0,0.53,0.35,timestop,15.0,False,9.4,1.0,-18.0
2026-06-26_QQQ_P_1100,2026-06-26,QQQ,P,scout,45,False,False,True,710.0,2.4,2.21,trail,9.0,True,15.8,5.0,-19.0
2026-06-26_IWM_C_1115,2026-06-26,IWM,C,scout,55,True,False,True,298.0,0.79,1.52,trail,16.9,True,131.6,1.0,73.0
2026-06-26_IWM_C_1130,2026-06-26,IWM,C,scout,45,False,False,True,300.0,0.53,0.47,trail,16.0,True,24.5,7.0,-6.0
2026-06-29_TSLA_C_1000,2026-06-29,TSLA,C,prime,50,,,,392.5,8.0,7.9,trail,4.5,True,17.5,0.9,-10.0
2026-06-29_IWM_P_1015,2026-06-29,IWM,P,scout,45,False,False,True,294.0,0.74,0.16,timestop,15.9,False,1.4,1.0,-58.0
2026-06-29_QQQ_P_1015,2026-06-29,QQQ,P,scout,55,False,False,True,706.0,3.36,2.86,trail,4.0,True,18.8,1.0,-50.0
2026-06-29_QQQ_P_1030,2026-06-29,QQQ,P,scout,45,True,False,True,711.0,2.27,2.11,trail,19.0,True,24.7,2.0,-16.0
2026-06-29_SPY_C_1030,2026-06-29,SPY,C,scout,45,True,False,False,737.0,1.59,1.45,trail,15.0,True,20.1,3.0,-14.0
2026-06-29_QQQ_C_1045,2026-06-29,QQQ,C,scout,45,True,True,False,713.0,2.27,3.7,trail,25.8,True,93.8,4.0,143.0
2026-06-29_SPY_C_1045,2026-06-29,SPY,C,scout,80,False,True,True,738.0,0.98,1.15,trail,12.0,True,51.0,5.0,17.0
2026-06-29_SPY_C_1100,2026-06-29,SPY,C,scout,60,False,False,True,738.0,1.26,1.13,timestop,15.0,False,-0.8,,-13.0
2026-06-29_IWM_P_1115,2026-06-29,IWM,P,scout,45,False,False,True,295.0,0.39,0.52,trail,12.0,True,69.2,1.0,13.0
2026-06-29_SPY_C_1115,2026-06-29,SPY,C,scout,60,False,False,True,738.0,1.14,1.12,timestop,15.0,False,0.0,,-2.0
2026-06-29_IWM_P_1130,2026-06-29,IWM,P,scout,45,False,False,True,295.0,0.39,0.22,timestop,16.0,False,-2.6,,-17.0
2026-06-29_QQQ_C_1145,2026-06-29,QQQ,C,scout,45,False,False,True,719.0,1.39,1.81,trail,26.0,True,55.4,2.0,42.0
2026-06-29_QQQ_C_1200,2026-06-29,QQQ,C,scout,45,False,False,True,719.0,1.93,1.81,trail,11.0,True,11.9,1.0,-12.0
2026-06-29_QQQ_C_1215,2026-06-29,QQQ,C,scout,45,False,False,True,720.0,1.58,1.52,trail,11.0,True,20.9,1.0,-6.0
2026-06-29_IWM_C_1315,2026-06-29,IWM,C,scout,65,True,True,False,298.0,0.48,0.29,timestop,15.0,False,-4.2,,-19.0
2026-06-29_IWM_C_1330,2026-06-29,IWM,C,scout,45,True,False,False,298.0,0.3,0.29,trail,2.0,True,20.0,1.0,-1.0
2026-06-29_IWM_C_1345,2026-06-29,IWM,C,scout,45,True,False,False,298.0,0.31,0.38,trail,10.0,True,45.2,2.0,7.0
2026-06-29_IWM_C_1400,2026-06-29,IWM,C,scout,45,True,False,False,298.0,0.33,0.4,trail,11.0,True,54.5,1.0,7.0
2026-06-30_META_P_1000,2026-06-30,META,P,prime,55,,,,555.0,7.2,6.45,timestop,15.2,False,-7.6,,-75.0
2026-06-30_IWM_C_1015,2026-06-30,IWM,C,scout,45,False,False,True,300.0,0.75,0.82,timestop,16.0,False,9.3,8.0,7.0
2026-06-30_NVDA_C_1015,2026-06-30,NVDA,C,prime,65,,,,197.5,2.49,2.69,window_end,28.0,True,20.5,1.1,20.0
2026-06-30_QQQ_C_1015,2026-06-30,QQQ,C,scout,55,False,False,True,732.0,2.41,2.6,trail,23.0,True,33.6,2.0,19.0
2026-06-30_IWM_C_1030,2026-06-30,IWM,C,scout,45,False,False,True,301.0,0.36,0.2,timestop,15.0,False,0.0,,-16.0
2026-06-30_QQQ_C_1030,2026-06-30,QQQ,C,scout,45,False,False,True,733.0,2.49,1.6,timestop,16.0,False,3.2,4.0,-89.0
2026-06-30_IWM_C_1045,2026-06-30,IWM,C,scout,45,False,False,True,300.0,0.53,0.33,timestop,15.0,False,-1.9,,-20.0
2026-06-30_QQQ_C_1045,2026-06-30,QQQ,C,scout,45,False,False,True,734.0,1.38,1.16,timestop,16.0,False,-0.7,,-22.0
2026-07-01_IWM_C_1015,2026-07-01,IWM,C,scout,55,False,False,True,303.0,0.3,0.35,trail,8.0,True,40.0,4.0,5.0
2026-07-01_TSLA_C_1015,2026-07-01,TSLA,C,prime,45,,,,427.5,5.95,5.5,timestop,16.0,False,2.5,11.0,-45.0
2026-07-01_IWM_C_1115,2026-07-01,IWM,C,scout,45,False,False,True,302.0,0.6,0.79,trail,19.0,True,71.7,2.0,19.0
2026-07-01_SPY_C_1115,2026-07-01,SPY,C,scout,45,False,False,True,749.0,0.71,0.99,trail,17.0,True,66.2,2.0,28.0
2026-07-01_IWM_C_1130,2026-07-01,IWM,C,scout,45,False,False,True,303.0,0.38,0.3,trail,4.0,True,15.8,1.0,-8.0
2026-07-01_SPY_C_1130,2026-07-01,SPY,C,scout,45,False,False,True,750.0,0.58,0.44,timestop,16.0,False,6.9,1.0,-14.0
2026-07-01_SPY_C_1145,2026-07-01,SPY,C,scout,45,False,False,True,749.0,0.9,0.85,timestop,16.0,False,-1.1,,-5.0
2026-07-02_AAPL_C_1000,2026-07-02,AAPL,C,prime,65,,,,305.0,0.54,0.59,trail,10.0,True,33.3,1.0,5.0
2026-07-02_SPY_C_1015,2026-07-02,SPY,C,scout,45,False,False,True,751.0,1.17,0.67,timestop,16.0,False,-1.7,,-50.0
2026-07-02_MSFT_C_1030,2026-07-02,MSFT,C,prime,65,,,,390.0,1.72,1.68,trail,9.0,True,17.4,1.0,-4.0
2026-07-02_QQQ_P_1030,2026-07-02,QQQ,P,scout,90,False,True,True,722.0,2.67,2.57,trail,6.0,True,21.7,2.0,-10.0
2026-07-02_SPY_C_1030,2026-07-02,SPY,C,scout,50,True,False,True,748.0,1.92,1.82,trail,4.0,True,15.6,1.0,-10.0
2026-07-02_AMZN_C_1045,2026-07-02,AMZN,C,prime,95,,,,247.5,0.37,0.27,trail,3.1,True,10.8,1.0,-10.0
2026-07-02_QQQ_P_1045,2026-07-02,QQQ,P,scout,55,False,False,True,719.0,3.0,2.68,trail,4.0,True,16.7,3.0,-32.0
2026-07-02_QQQ_P_1100,2026-07-02,QQQ,P,scout,45,False,False,True,719.0,2.26,4.08,trail,9.0,True,131.9,1.0,182.0
2026-07-02_SPY_C_1100,2026-07-02,SPY,C,scout,50,True,False,True,748.0,1.35,0.53,timestop,16.0,False,-0.7,,-82.0
2026-07-02_IWM_P_1115,2026-07-02,IWM,P,scout,45,False,False,True,297.0,0.68,0.79,trail,5.0,True,36.8,1.0,11.0
2026-07-02_QQQ_P_1115,2026-07-02,QQQ,P,scout,45,False,False,True,716.0,2.73,2.76,trail,8.0,True,19.4,1.0,3.0
2026-07-02_IWM_P_1130,2026-07-02,IWM,P,scout,45,False,False,True,297.0,0.54,0.35,timestop,15.9,False,-1.9,,-19.0
2026-07-02_IWM_P_1145,2026-07-02,IWM,P,scout,45,False,False,True,298.0,0.63,0.87,trail,13.1,True,65.1,1.0,24.0
2026-07-02_IWM_P_1200,2026-07-02,IWM,P,scout,45,False,False,True,297.0,0.5,0.52,trail,4.0,True,30.0,1.0,2.0
2026-07-02_IWM_P_1215,2026-07-02,IWM,P,scout,45,False,False,True,297.0,0.48,0.99,trail,24.0,True,152.1,2.1,51.0
2026-07-02_SPY_P_1300,2026-07-02,SPY,P,scout,45,False,False,True,742.0,1.3,1.44,trail,6.0,True,52.3,1.0,14.0
2026-07-02_SPY_P_1315,2026-07-02,SPY,P,scout,45,False,False,True,741.0,0.98,0.96,trail,14.0,True,15.3,4.0,-2.0
2026-07-02_SPY_P_1330,2026-07-02,SPY,P,scout,45,False,False,True,741.0,0.94,1.08,trail,13.0,True,37.2,4.0,14.0
2026-07-02_AMZN_P_1345,2026-07-02,AMZN,P,prime,65,,,,242.5,0.32,0.25,timestop,15.1,False,0.0,,-7.0
2026-07-02_SPY_P_1345,2026-07-02,SPY,P,scout,45,False,False,True,741.0,1.21,1.22,trail,8.0,True,23.1,1.0,1.0
2026-07-02_SPY_P_1400,2026-07-02,SPY,P,scout,45,False,False,True,740.0,0.89,0.34,timestop,15.0,False,-1.1,,-55.0
2026-07-06_SPY_C_1030,2026-07-06,SPY,C,scout,70,False,False,True,750.0,0.93,0.82,timestop,15.0,False,6.5,1.0,-11.0
2026-07-06_SPY_C_1045,2026-07-06,SPY,C,scout,60,False,False,True,750.0,0.83,0.8,trail,28.0,True,20.5,8.0,-3.0
2026-07-06_SPY_C_1100,2026-07-06,SPY,C,scout,60,False,False,True,751.0,0.41,0.39,trail,7.0,True,17.1,1.0,-2.0
2026-07-06_SPY_C_1115,2026-07-06,SPY,C,scout,45,False,False,True,751.0,0.4,0.53,trail,19.0,True,62.5,9.0,13.0
2026-07-06_IWM_C_1215,2026-07-06,IWM,C,scout,45,False,False,True,301.0,0.11,0.12,timestop,15.0,False,9.1,4.9,1.0
2026-07-06_META_C_1430,2026-07-06,META,C,prime,65,,,,600.0,11.2,10.45,timestop,15.0,False,6.7,1.1,-75.0
2026-07-07_AMZN_C_1000,2026-07-07,AMZN,C,prime,95,,,,250.0,2.65,2.49,timestop,15.0,False,-1.5,,-16.0
2026-07-07_GOOGL_C_1000,2026-07-07,GOOGL,C,prime,65,,,,372.5,4.9,4.5,timestop,15.3,False,-2.0,,-40.0
2026-07-07_MSFT_C_1000,2026-07-07,MSFT,C,prime,65,,,,395.0,5.35,5.55,timestop,16.0,False,3.7,16.0,20.0
2026-07-07_NVDA_P_1000,2026-07-07,NVDA,P,prime,65,,,,192.5,2.71,2.85,timestop,15.1,False,5.2,7.0,14.0
2026-07-07_IWM_P_1015,2026-07-07,IWM,P,scout,55,False,False,True,295.0,0.57,0.3,timestop,15.0,False,-3.5,,-27.0
2026-07-07_QQQ_P_1015,2026-07-07,QQQ,P,scout,55,False,False,True,708.0,2.68,2.81,trail,14.0,True,28.0,8.0,13.0
2026-07-07_AMZN_C_1030,2026-07-07,AMZN,C,prime,65,,,,247.5,2.62,2.7,timestop,15.6,False,3.8,1.2,8.0
2026-07-07_IWM_P_1030,2026-07-07,IWM,P,scout,45,False,False,True,296.0,0.63,0.98,trail,12.0,True,93.7,1.0,35.0
2026-07-07_META_C_1030,2026-07-07,META,C,prime,55,,,,615.0,8.55,7.55,timestop,15.1,False,-6.4,,-100.0
2026-07-07_MSFT_C_1030,2026-07-07,MSFT,C,prime,70,,,,395.0,5.85,5.6,timestop,15.1,False,-3.4,,-25.0
2026-07-07_QQQ_P_1030,2026-07-07,QQQ,P,scout,55,False,False,True,707.0,2.25,2.61,trail,16.0,True,46.2,1.0,36.0
2026-07-07_IWM_P_1045,2026-07-07,IWM,P,scout,45,False,False,True,295.0,0.45,0.24,timestop,16.0,False,-2.2,,-21.0
2026-07-07_QQQ_P_1045,2026-07-07,QQQ,P,scout,55,False,False,True,705.0,2.04,1.31,timestop,16.0,False,-1.5,,-73.0
2026-07-07_IWM_P_1100,2026-07-07,IWM,P,scout,45,False,False,True,296.0,0.54,0.55,timestop,16.0,False,3.7,2.0,1.0
2026-07-07_QQQ_P_1100,2026-07-07,QQQ,P,scout,45,False,False,True,707.0,2.17,1.93,timestop,15.0,False,-0.9,,-24.0
2026-07-07_IWM_P_1115,2026-07-07,IWM,P,scout,45,False,False,True,296.0,0.54,0.35,timestop,16.0,False,1.9,1.0,-19.0
2026-07-07_META_C_1415,2026-07-07,META,C,prime,85,,,,620.0,10.2,10.7,trail,18.0,True,27.9,4.0,50.0
2026-07-08_NVDA_C_1000,2026-07-08,NVDA,C,prime,65,,,,200.0,1.74,1.47,timestop,15.1,False,-1.7,,-27.0
2026-07-08_TSLA_P_1000,2026-07-08,TSLA,P,prime,65,,,,395.0,6.9,7.1,timestop,15.8,False,4.3,1.0,20.0
2026-07-08_IWM_P_1015,2026-07-08,IWM,P,scout,60,False,False,True,293.0,0.8,0.76,timestop,16.0,False,8.7,1.0,-4.0
2026-07-08_QQQ_P_1015,2026-07-08,QQQ,P,scout,60,False,False,True,706.0,2.91,2.1,timestop,16.0,False,-0.7,,-81.0
2026-07-08_SPY_P_1015,2026-07-08,SPY,P,scout,60,False,False,True,743.0,1.88,1.63,timestop,16.0,False,2.7,1.0,-25.0
2026-07-08_IWM_P_1030,2026-07-08,IWM,P,scout,70,False,False,True,293.0,0.86,1.01,trail,22.0,True,54.7,5.0,15.0
2026-07-08_QQQ_P_1030,2026-07-08,QQQ,P,scout,60,False,False,True,707.0,2.64,3.2,trail,22.0,True,57.2,5.0,56.0
2026-07-08_SPY_P_1030,2026-07-08,SPY,P,scout,60,False,False,True,743.0,1.71,2.13,trail,22.0,True,55.6,5.0,42.0
2026-07-08_TSLA_P_1030,2026-07-08,TSLA,P,prime,55,,,,395.0,6.45,7.65,window_end,28.1,True,23.3,2.1,120.0
2026-07-08_IWM_P_1045,2026-07-08,IWM,P,scout,45,False,False,True,292.0,0.66,0.69,trail,6.0,True,24.2,1.0,3.0
2026-07-08_QQQ_P_1045,2026-07-08,QQQ,P,scout,60,False,False,True,706.0,2.94,2.7,trail,7.0,True,21.1,1.0,-24.0
2026-07-08_SPY_P_1045,2026-07-08,SPY,P,scout,60,False,False,True,742.0,1.69,1.63,trail,7.0,True,23.1,1.0,-6.0
2026-07-08_IWM_P_1100,2026-07-08,IWM,P,scout,45,False,False,True,292.0,0.79,0.83,trail,19.0,True,30.4,1.0,4.0
2026-07-08_NVDA_C_1100,2026-07-08,NVDA,C,prime,95,,,,200.0,2.44,1.47,timestop,16.0,False,-0.8,,-97.0
2026-07-08_QQQ_P_1100,2026-07-08,QQQ,P,scout,45,False,False,True,705.0,2.45,3.24,trail,19.0,True,57.1,1.0,79.0
2026-07-08_SPY_P_1100,2026-07-08,SPY,P,scout,60,False,False,True,741.0,1.29,1.45,trail,19.0,True,42.6,1.0,16.0
2026-07-08_QQQ_P_1115,2026-07-08,QQQ,P,scout,45,False,False,True,703.0,2.3,2.26,trail,4.0,True,19.6,1.0,-4.0
2026-07-08_QQQ_C_1230,2026-07-08,QQQ,C,scout,45,True,True,False,707.0,2.31,3.02,window_end,27.9,True,30.7,10.0,71.0
2026-07-08_SPY_C_1230,2026-07-08,SPY,C,scout,45,True,True,False,744.0,1.11,1.54,window_end,28.0,True,38.7,10.0,43.0
2026-07-08_GOOGL_P_1300,2026-07-08,GOOGL,P,prime,55,,,,360.0,3.25,3.05,timestop,17.0,False,-1.5,,-20.0
2026-07-08_MSFT_P_1300,2026-07-08,MSFT,P,prime,55,,,,380.0,3.55,2.91,timestop,16.5,False,-4.2,,-64.0
2026-07-08_SPY_C_1400,2026-07-08,SPY,C,scout,45,True,False,False,745.0,0.9,0.91,trail,16.0,True,31.1,1.0,1.0
2026-07-08_SPY_C_1415,2026-07-08,SPY,C,scout,45,True,False,False,746.0,0.59,0.32,timestop,16.0,False,-1.7,,-27.0
2026-07-09_TSLA_C_1000,2026-07-09,TSLA,C,prime,70,,,,397.5,4.45,3.7,trail,10.0,True,21.3,1.0,-75.0
2026-07-09_GOOGL_P_1015,2026-07-09,GOOGL,P,prime,85,,,,352.5,3.7,2.55,timestop,16.0,False,6.8,4.0,-115.0
2026-07-09_META_P_1015,2026-07-09,META,P,prime,45,,,,590.0,6.45,5.7,timestop,16.0,False,-3.1,,-75.0
2026-07-09_MSFT_P_1015,2026-07-09,MSFT,P,prime,70,,,,375.0,3.1,2.64,timestop,15.7,False,6.5,2.0,-46.0
2026-07-09_QQQ_C_1015,2026-07-09,QQQ,C,scout,45,False,False,True,720.0,1.64,1.2,trail,16.0,True,16.5,1.0,-44.0
2026-07-09_TSLA_P_1015,2026-07-09,TSLA,P,prime,75,,,,392.5,5.1,4.25,timestop,16.0,False,-2.0,,-85.0
2026-07-09_QQQ_C_1030,2026-07-09,QQQ,C,scout,50,False,False,True,719.0,2.14,2.07,trail,14.0,True,17.8,5.0,-7.0
2026-07-09_QQQ_C_1115,2026-07-09,QQQ,C,scout,65,False,True,True,721.0,2.03,1.9,timestop,16.0,False,-1.0,,-13.0
2026-07-09_IWM_C_1130,2026-07-09,IWM,C,scout,45,False,False,True,298.0,0.15,0.17,trail,16.0,True,40.0,11.0,2.0
2026-07-09_SPY_C_1130,2026-07-09,SPY,C,scout,45,False,False,True,750.0,0.82,0.84,trail,24.0,True,20.7,8.0,2.0
2026-07-09_AAPL_C_1200,2026-07-09,AAPL,C,prime,80,,,,315.0,1.97,1.66,timestop,15.0,False,1.5,4.0,-31.0
2026-07-09_SPY_C_1200,2026-07-09,SPY,C,scout,45,False,False,True,750.0,0.86,1.14,window_end,28.0,True,45.3,1.0,28.0
2026-07-09_SPY_C_1215,2026-07-09,SPY,C,scout,45,False,False,True,751.0,0.59,0.61,timestop,16.0,False,6.8,8.0,2.0
2026-07-09_MSFT_P_1445,2026-07-09,MSFT,P,prime,55,,,,380.0,2.51,2.32,timestop,15.1,False,-1.2,,-19.0
2026-07-10_NVDA_C_1000,2026-07-10,NVDA,C,prime,55,,,,207.5,1.18,1.03,trail,4.0,True,19.5,1.0,-15.0
2026-07-10_QQQ_C_1045,2026-07-10,QQQ,C,scout,60,True,False,True,722.0,2.04,1.09,timestop,16.0,False,2.0,4.0,-95.0
2026-07-10_QQQ_C_1100,2026-07-10,QQQ,C,scout,50,True,False,True,721.0,1.63,3.7,window_end,27.9,True,127.0,3.0,207.0
2026-07-10_QQQ_C_1115,2026-07-10,QQQ,C,scout,50,True,False,True,722.0,1.94,2.42,trail,20.0,True,55.2,1.0,48.0
2026-07-10_IWM_C_1300,2026-07-10,IWM,C,scout,45,True,True,False,296.0,0.32,0.31,timestop,16.0,False,-3.1,,-1.0
2026-07-10_IWM_C_1415,2026-07-10,IWM,C,scout,45,True,False,False,297.0,0.06,0.05,timestop,16.1,False,-16.7,,-1.0
2026-07-13_AAPL_C_1000,2026-07-13,AAPL,C,prime,35,,,,322.5,3.45,3.3,timestop,15.0,False,2.9,1.0,-15.0
2026-07-13_MSFT_C_1000,2026-07-13,MSFT,C,prime,75,,,,390.0,5.3,4.2,timestop,16.0,False,-2.8,,-110.0
2026-07-13_IWM_P_1015,2026-07-13,IWM,P,scout,50,False,False,True,294.0,0.61,0.87,trail,3.9,True,72.1,1.0,26.0
2026-07-13_IWM_P_1030,2026-07-13,IWM,P,scout,50,False,False,True,294.0,0.39,0.45,trail,8.0,True,35.9,1.0,6.0
2026-07-13_SPY_C_1030,2026-07-13,SPY,C,scout,60,True,False,True,754.0,0.64,0.28,timestop,16.0,False,-1.6,,-36.0
2026-07-13_IWM_P_1045,2026-07-13,IWM,P,scout,60,False,False,True,294.0,0.64,0.41,timestop,16.0,False,-3.1,,-23.0
2026-07-13_IWM_P_1100,2026-07-13,IWM,P,scout,45,False,False,True,294.0,0.38,0.45,trail,6.0,True,39.5,1.0,7.0
2026-07-13_QQQ_P_1115,2026-07-13,QQQ,P,scout,60,False,False,True,717.0,1.8,1.4,timestop,15.0,False,-0.6,,-40.0
2026-07-13_QQQ_P_1130,2026-07-13,QQQ,P,scout,60,False,False,True,717.0,1.42,1.31,trail,7.0,True,13.4,5.0,-11.0
2026-07-13_QQQ_P_1145,2026-07-13,QQQ,P,scout,60,False,False,True,716.0,1.44,1.46,trail,8.0,True,31.9,2.0,2.0
2026-07-13_QQQ_P_1200,2026-07-13,QQQ,P,scout,80,False,True,True,715.0,1.51,1.64,timestop,16.0,False,8.6,5.0,13.0
2026-07-13_QQQ_P_1215,2026-07-13,QQQ,P,scout,45,False,False,True,715.0,1.4,2.87,trail,23.0,True,145.7,1.0,147.0
2026-07-13_SPY_P_1330,2026-07-13,SPY,P,scout,45,False,False,True,749.0,0.54,0.52,trail,11.0,True,18.5,1.0,-2.0
2026-07-14_AMZN_P_1000,2026-07-14,AMZN,P,prime,50,,,,245.0,3.2,3.5,timestop,15.4,False,9.4,3.5,30.0
2026-07-14_AVGO_C_1000,2026-07-14,AVGO,C,prime,65,,,,392.5,8.6,7.6,timestop,15.5,False,-7.6,,-100.0
2026-07-14_SPY_P_1015,2026-07-14,SPY,P,scout,50,True,False,True,750.0,1.86,1.65,trail,4.0,True,11.8,1.0,-21.0
2026-07-14_QQQ_C_1030,2026-07-14,QQQ,C,scout,45,True,False,False,718.0,1.74,2.45,trail,12.0,True,69.0,2.0,71.0
2026-07-14_SPY_P_1030,2026-07-14,SPY,P,scout,50,True,False,True,750.0,1.21,0.83,timestop,15.0,False,-0.8,,-38.0
2026-07-14_SPY_P_1045,2026-07-14,SPY,P,scout,50,True,False,True,751.0,1.19,1.2,trail,6.0,True,22.7,1.0,1.0
2026-07-14_QQQ_C_1100,2026-07-14,QQQ,C,scout,55,False,True,False,720.0,1.6,2.7,window_end,28.0,True,70.6,4.0,110.0
2026-07-14_SPY_C_1145,2026-07-14,SPY,C,scout,45,True,False,False,752.0,0.91,0.48,timestop,16.0,False,7.7,2.0,-43.0
2026-07-14_IWM_C_1200,2026-07-14,IWM,C,scout,45,True,False,False,295.0,0.31,0.3,trail,16.8,True,22.6,4.0,-1.0
2026-07-14_SPY_P_1200,2026-07-14,SPY,P,scout,45,True,True,False,750.0,1.0,0.97,trail,6.0,True,16.0,1.0,-3.0
2026-07-14_IWM_C_1215,2026-07-14,IWM,C,scout,45,True,False,False,295.0,0.35,0.35,trail,22.0,True,22.9,12.0,0.0
2026-07-14_SPY_C_1245,2026-07-14,SPY,C,scout,45,True,True,False,752.0,0.62,0.64,trail,19.0,True,29.0,7.0,2.0
2026-07-15_AMZN_C_1000,2026-07-15,AMZN,C,prime,35,,,,252.5,3.2,4.15,window_end,27.7,True,39.1,3.0,95.0
2026-07-15_AVGO_C_1000,2026-07-15,AVGO,C,prime,100,,,,400.0,6.6,4.0,timestop,15.0,False,-6.8,,-260.0
2026-07-15_AAPL_C_1015,2026-07-15,AAPL,C,prime,35,,,,325.0,3.55,3.0,timestop,15.9,False,1.4,2.0,-55.0
2026-07-15_IWM_C_1015,2026-07-15,IWM,C,scout,45,False,False,True,297.0,0.32,0.33,timestop,15.0,False,3.1,1.0,1.0
2026-07-15_IWM_C_1030,2026-07-15,IWM,C,scout,45,False,False,True,297.0,0.34,0.33,trail,6.0,True,38.2,2.0,-1.0
2026-07-15_META_C_1030,2026-07-15,META,C,prime,80,,,,675.0,9.75,9.05,trail,15.0,True,13.3,2.0,-70.0
2026-07-15_MSFT_C_1030,2026-07-15,MSFT,C,prime,60,,,,400.0,3.4,3.35,trail,16.0,True,23.5,1.0,-5.0
2026-07-15_QQQ_C_1030,2026-07-15,QQQ,C,scout,45,True,False,True,719.0,1.53,0.72,timestop,16.0,False,-1.3,,-81.0
2026-07-15_IWM_C_1045,2026-07-15,IWM,C,scout,45,False,False,True,297.0,0.3,0.36,trail,16.0,True,60.0,10.0,6.0
2026-07-15_META_C_1115,2026-07-15,META,C,prime,65,,,,685.0,10.65,8.2,timestop,15.4,False,-5.6,,-245.0
2026-07-15_QQQ_P_1130,2026-07-15,QQQ,P,scout,45,False,False,True,716.0,1.81,1.59,trail,6.0,True,11.0,1.0,-22.0
2026-07-15_QQQ_P_1145,2026-07-15,QQQ,P,scout,45,False,False,True,715.0,1.58,1.63,trail,13.0,True,22.2,2.0,5.0
2026-07-15_QQQ_P_1200,2026-07-15,QQQ,P,scout,45,False,False,True,714.0,1.24,2.05,trail,9.0,True,104.8,1.0,81.0
2026-07-15_QQQ_P_1215,2026-07-15,QQQ,P,scout,45,False,False,True,712.0,1.61,1.73,trail,14.0,True,28.0,1.0,12.0
2026-07-15_QQQ_P_1230,2026-07-15,QQQ,P,scout,55,False,False,True,711.0,1.13,1.55,trail,13.0,True,66.4,1.0,42.0
