signal_ts_et,date,time_et,symbol,side,score,underlying_close,fire_rank,c_trend,c_vwap_evt,c_or_evt,c_squeeze,c_rsi,c_vol,engine,conflict_bar
2026-05-21T10:00:00-04:00,2026-05-21,10:00,AVGO,C,95,421.14,1,,,,,,,prime,False
2026-05-21T10:00:00-04:00,2026-05-21,10:00,NVDA,P,55,222.26,1,,,,,,,prime,False
2026-05-21T10:15:00-04:00,2026-05-21,10:15,QQQ,C,50,710.17,1,True,False,True,False,True,False,scout,False
2026-05-21T10:15:00-04:00,2026-05-21,10:15,SPY,C,50,739.44,1,True,False,True,False,True,False,scout,False
2026-05-21T10:15:00-04:00,2026-05-21,10:15,TSLA,C,45,418.64,1,,,,,,,prime,False
2026-05-21T13:00:00-04:00,2026-05-21,13:00,IWM,C,45,280.02,1,True,False,False,True,False,False,scout,False
2026-05-21T13:30:00-04:00,2026-05-21,13:30,IWM,C,55,282.05,3,True,False,False,True,False,True,scout,False
2026-05-21T13:30:00-04:00,2026-05-21,13:30,QQQ,C,45,713.67,3,True,False,False,True,False,False,scout,False
2026-05-21T13:45:00-04:00,2026-05-21,13:45,SPY,C,45,743.55,3,True,False,False,True,False,False,scout,False
2026-05-22T10:15:00-04:00,2026-05-22,10:15,NVDA,P,55,216.57,1,,,,,,,prime,False
2026-05-22T10:15:00-04:00,2026-05-22,10:15,SPY,C,45,745.56,1,True,False,False,True,False,False,scout,False
2026-05-22T10:15:00-04:00,2026-05-22,10:15,TSLA,C,85,423.68,1,,,,,,,prime,False
2026-05-22T10:30:00-04:00,2026-05-22,10:30,AAPL,C,55,308.64,1,,,,,,,prime,False
2026-05-22T10:30:00-04:00,2026-05-22,10:30,AVGO,P,65,411.5,1,,,,,,,prime,False
2026-05-22T10:30:00-04:00,2026-05-22,10:30,META,C,55,608.59,1,,,,,,,prime,False
2026-05-22T10:45:00-04:00,2026-05-22,10:45,IWM,C,60,284.95,1,True,False,True,True,False,False,scout,False
2026-05-22T10:45:00-04:00,2026-05-22,10:45,QQQ,C,60,719.43,1,True,False,True,True,False,False,scout,False
2026-05-22T10:45:00-04:00,2026-05-22,10:45,SPY,C,60,746.38,2,True,False,True,True,False,False,scout,False
2026-05-22T11:00:00-04:00,2026-05-22,11:00,AAPL,C,55,310.33,1,,,,,,,prime,False
2026-05-22T11:15:00-04:00,2026-05-22,11:15,QQQ,C,45,720.68,3,True,False,False,True,False,False,scout,False
2026-05-22T11:15:00-04:00,2026-05-22,11:15,SPY,C,60,747.03,3,True,True,True,False,False,False,scout,False
2026-05-22T11:30:00-04:00,2026-05-22,11:30,MSFT,C,60,419.39,1,,,,,,,prime,False
2026-05-22T12:15:00-04:00,2026-05-22,12:15,SPY,C,60,747.39,4,True,False,True,True,False,False,scout,False
2026-05-22T12:30:00-04:00,2026-05-22,12:30,IWM,C,45,285.23,2,True,False,False,True,False,False,scout,False
2026-05-22T13:00:00-04:00,2026-05-22,13:00,IWM,C,45,285.19,3,True,False,False,True,False,False,scout,False
2026-05-22T14:15:00-04:00,2026-05-22,14:15,META,C,45,609.21,1,,,,,,,prime,False
2026-05-26T10:00:00-04:00,2026-05-26,10:00,TSLA,C,55,430.8,1,,,,,,,prime,False
2026-05-26T10:15:00-04:00,2026-05-26,10:15,AAPL,C,85,311.5,1,,,,,,,prime,False
2026-05-26T10:15:00-04:00,2026-05-26,10:15,IWM,C,45,290.4,1,True,False,False,True,False,False,scout,False
2026-05-26T10:15:00-04:00,2026-05-26,10:15,NVDA,C,60,216.22,1,,,,,,,prime,False
2026-05-26T10:15:00-04:00,2026-05-26,10:15,QQQ,C,45,729.0,1,True,False,False,True,False,False,scout,False
2026-05-26T10:15:00-04:00,2026-05-26,10:15,SPY,C,60,751.44,1,True,False,True,True,False,False,scout,False
2026-05-26T10:45:00-04:00,2026-05-26,10:45,IWM,C,45,290.18,3,True,False,False,True,False,False,scout,False
2026-05-26T10:45:00-04:00,2026-05-26,10:45,QQQ,C,45,730.88,3,True,False,False,True,False,False,scout,False
2026-05-26T10:45:00-04:00,2026-05-26,10:45,SPY,C,60,752.04,3,True,False,True,True,False,False,scout,False
2026-05-26T12:45:00-04:00,2026-05-26,12:45,AAPL,P,55,309.93,1,,,,,,,prime,False
2026-05-27T10:00:00-04:00,2026-05-27,10:00,AMZN,C,30,268.22,1,,,,,,,prime,False
2026-05-27T10:00:00-04:00,2026-05-27,10:00,META,C,55,610.98,1,,,,,,,prime,False
2026-05-27T10:00:00-04:00,2026-05-27,10:00,NVDA,P,70,211.32,1,,,,,,,prime,False
2026-05-27T10:00:00-04:00,2026-05-27,10:00,TSLA,C,55,440.64,1,,,,,,,prime,False
2026-05-27T10:15:00-04:00,2026-05-27,10:15,IWM,C,55,291.38,1,True,False,False,True,False,True,scout,False
2026-05-27T10:15:00-04:00,2026-05-27,10:15,QQQ,C,50,728.76,1,True,False,True,False,True,False,scout,False
2026-05-27T10:30:00-04:00,2026-05-27,10:30,META,C,65,615.0,1,,,,,,,prime,False
2026-05-27T10:30:00-04:00,2026-05-27,10:30,NVDA,P,55,209.92,1,,,,,,,prime,False
2026-05-27T10:45:00-04:00,2026-05-27,10:45,QQQ,C,50,728.19,3,True,False,True,False,True,False,scout,False
2026-05-27T10:45:00-04:00,2026-05-27,10:45,TSLA,C,60,443.79,1,,,,,,,prime,False
2026-05-27T11:00:00-04:00,2026-05-27,11:00,AAPL,C,70,313.06,1,,,,,,,prime,False
2026-05-27T11:15:00-04:00,2026-05-27,11:15,IWM,C,60,290.9,2,True,False,True,True,False,False,scout,False
2026-05-27T11:45:00-04:00,2026-05-27,11:45,IWM,C,50,290.05,4,True,False,True,False,True,False,scout,False
2026-05-27T14:15:00-04:00,2026-05-27,14:15,META,C,75,618.29,1,,,,,,,prime,False
2026-05-27T14:45:00-04:00,2026-05-27,14:45,META,C,60,629.16,1,,,,,,,prime,False
2026-05-28T10:00:00-04:00,2026-05-28,10:00,TSLA,C,65,440.83,1,,,,,,,prime,False
2026-05-28T10:15:00-04:00,2026-05-28,10:15,IWM,C,55,290.28,1,False,True,True,False,True,True,scout,False
2026-05-28T10:15:00-04:00,2026-05-28,10:15,MSFT,C,55,426.46,1,,,,,,,prime,False
2026-05-28T10:15:00-04:00,2026-05-28,10:15,QQQ,C,70,732.26,1,True,False,True,True,False,True,scout,False
2026-05-28T10:45:00-04:00,2026-05-28,10:45,QQQ,C,45,732.45,3,True,False,False,True,False,False,scout,False
2026-05-28T11:15:00-04:00,2026-05-28,11:15,IWM,C,45,291.4,2,True,False,False,True,False,False,scout,False
2026-05-28T11:45:00-04:00,2026-05-28,11:45,IWM,C,45,291.88,4,True,False,False,True,False,False,scout,False
2026-05-29T10:00:00-04:00,2026-05-29,10:00,NVDA,C,60,217.1,1,,,,,,,prime,False
2026-05-29T10:15:00-04:00,2026-05-29,10:15,AVGO,C,55,443.29,1,,,,,,,prime,False
2026-05-29T10:15:00-04:00,2026-05-29,10:15,GOOGL,P,55,382.8,1,,,,,,,prime,False
2026-05-29T10:15:00-04:00,2026-05-29,10:15,MSFT,C,55,440.14,1,,,,,,,prime,False
2026-05-29T10:15:00-04:00,2026-05-29,10:15,QQQ,C,70,739.75,1,True,False,True,True,False,True,scout,False
2026-05-29T10:45:00-04:00,2026-05-29,10:45,QQQ,C,45,735.81,3,True,False,False,False,True,True,scout,False
2026-05-29T10:45:00-04:00,2026-05-29,10:45,TSLA,P,55,428.95,1,,,,,,,prime,False
2026-05-29T12:30:00-04:00,2026-05-29,12:30,TSLA,C,45,438.25,1,,,,,,,prime,False
2026-05-29T13:30:00-04:00,2026-05-29,13:30,IWM,P,50,290.43,1,True,False,True,False,True,False,scout,False
2026-05-29T14:00:00-04:00,2026-05-29,14:00,IWM,P,45,289.8,3,True,True,False,False,False,False,scout,False
2026-06-01T10:00:00-04:00,2026-06-01,10:00,AMZN,P,55,264.46,1,,,,,,,prime,False
2026-06-01T10:00:00-04:00,2026-06-01,10:00,AVGO,C,55,448.07,1,,,,,,,prime,False
2026-06-01T10:00:00-04:00,2026-06-01,10:00,NVDA,C,90,219.15,1,,,,,,,prime,False
2026-06-01T10:15:00-04:00,2026-06-01,10:15,IWM,P,60,287.14,1,True,False,True,True,False,False,scout,False
2026-06-01T10:15:00-04:00,2026-06-01,10:15,QQQ,C,50,737.41,1,True,False,True,False,True,False,scout,False
2026-06-01T10:30:00-04:00,2026-06-01,10:30,META,P,60,610.21,1,,,,,,,prime,False
2026-06-01T10:45:00-04:00,2026-06-01,10:45,AMZN,P,45,263.59,1,,,,,,,prime,False
2026-06-01T10:45:00-04:00,2026-06-01,10:45,IWM,P,45,286.72,3,True,False,False,True,False,False,scout,False
2026-06-01T10:45:00-04:00,2026-06-01,10:45,QQQ,C,60,739.05,3,True,False,True,True,False,False,scout,False
2026-06-01T11:00:00-04:00,2026-06-01,11:00,TSLA,P,60,419.45,1,,,,,,,prime,False
2026-06-01T11:15:00-04:00,2026-06-01,11:15,IWM,C,45,287.63,1,False,True,True,False,True,False,scout,True
2026-06-02T10:15:00-04:00,2026-06-02,10:15,NVDA,C,55,229.76,1,,,,,,,prime,False
2026-06-02T10:30:00-04:00,2026-06-02,10:30,TSLA,C,55,419.73,1,,,,,,,prime,False
2026-06-02T11:15:00-04:00,2026-06-02,11:15,QQQ,C,45,745.1,1,True,False,False,True,False,False,scout,False
2026-06-02T11:45:00-04:00,2026-06-02,11:45,QQQ,C,45,745.14,3,True,False,False,True,False,False,scout,False
2026-06-02T12:15:00-04:00,2026-06-02,12:15,IWM,C,45,291.32,1,True,False,False,True,False,False,scout,False
2026-06-03T10:00:00-04:00,2026-06-03,10:00,AAPL,P,55,314.89,1,,,,,,,prime,False
2026-06-03T10:00:00-04:00,2026-06-03,10:00,AMZN,P,55,255.39,1,,,,,,,prime,False
2026-06-03T10:00:00-04:00,2026-06-03,10:00,GOOGL,C,55,364.18,1,,,,,,,prime,False
2026-06-03T10:00:00-04:00,2026-06-03,10:00,META,C,45,612.1,1,,,,,,,prime,False
2026-06-03T10:00:00-04:00,2026-06-03,10:00,MSFT,P,60,431.4,1,,,,,,,prime,False
2026-06-03T10:15:00-04:00,2026-06-03,10:15,NVDA,P,55,216.31,1,,,,,,,prime,False
2026-06-03T10:15:00-04:00,2026-06-03,10:15,QQQ,C,50,745.71,1,True,False,True,False,False,True,scout,False
2026-06-03T10:30:00-04:00,2026-06-03,10:30,AMZN,P,55,252.73,1,,,,,,,prime,False
2026-06-03T10:45:00-04:00,2026-06-03,10:45,IWM,P,60,289.01,1,True,False,True,True,False,False,scout,False
2026-06-03T10:45:00-04:00,2026-06-03,10:45,MSFT,P,55,428.24,1,,,,,,,prime,False
2026-06-03T11:00:00-04:00,2026-06-03,11:00,AMZN,P,55,251.77,1,,,,,,,prime,False
2026-06-03T11:15:00-04:00,2026-06-03,11:15,IWM,P,80,288.46,3,True,True,True,True,False,False,scout,False
2026-06-03T11:15:00-04:00,2026-06-03,11:15,QQQ,C,55,745.83,2,True,False,False,True,True,False,scout,False
2026-06-03T11:45:00-04:00,2026-06-03,11:45,AMZN,P,45,250.12,1,,,,,,,prime,False
2026-06-03T11:45:00-04:00,2026-06-03,11:45,IWM,P,45,287.75,5,True,False,False,True,False,False,scout,False
2026-06-04T10:00:00-04:00,2026-06-04,10:00,META,C,60,638.8,1,,,,,,,prime,False
2026-06-04T10:00:00-04:00,2026-06-04,10:00,NVDA,P,70,212.34,1,,,,,,,prime,False
2026-06-04T10:15:00-04:00,2026-06-04,10:15,QQQ,P,70,735.69,1,True,False,True,True,False,True,scout,True
2026-06-04T10:45:00-04:00,2026-06-04,10:45,QQQ,P,60,736.18,3,True,False,True,True,False,False,scout,False
2026-06-04T11:15:00-04:00,2026-06-04,11:15,IWM,C,45,291.7,1,True,False,False,True,False,False,scout,False
2026-06-04T11:45:00-04:00,2026-06-04,11:45,IWM,C,45,290.86,3,True,False,False,True,False,False,scout,False
2026-06-04T11:45:00-04:00,2026-06-04,11:45,QQQ,P,45,739.06,5,True,False,False,True,False,False,scout,False
2026-06-05T10:00:00-04:00,2026-06-05,10:00,AMZN,P,70,252.9,1,,,,,,,prime,False
2026-06-05T10:00:00-04:00,2026-06-05,10:00,GOOGL,P,65,369.67,1,,,,,,,prime,False
2026-06-05T10:00:00-04:00,2026-06-05,10:00,META,P,50,619.8,1,,,,,,,prime,False
2026-06-05T10:00:00-04:00,2026-06-05,10:00,TSLA,P,55,409.65,1,,,,,,,prime,False
2026-06-05T10:15:00-04:00,2026-06-05,10:15,NVDA,P,55,212.38,1,,,,,,,prime,False
2026-06-05T10:15:00-04:00,2026-06-05,10:15,QQQ,P,55,726.13,1,True,False,False,True,False,True,scout,False
2026-06-05T10:15:00-04:00,2026-06-05,10:15,SPY,P,55,750.11,1,True,False,False,True,False,True,scout,False
2026-06-05T10:30:00-04:00,2026-06-05,10:30,IWM,P,45,286.42,1,True,False,False,True,False,False,scout,False
2026-06-05T10:45:00-04:00,2026-06-05,10:45,QQQ,P,45,725.44,3,True,False,False,True,False,False,scout,False
2026-06-05T10:45:00-04:00,2026-06-05,10:45,SPY,P,60,749.56,3,True,False,True,True,False,False,scout,False
2026-06-05T11:00:00-04:00,2026-06-05,11:00,IWM,P,45,287.8,3,True,False,False,True,False,False,scout,False
2026-06-05T11:15:00-04:00,2026-06-05,11:15,QQQ,P,45,722.58,5,True,False,False,True,False,False,scout,False
2026-06-05T11:15:00-04:00,2026-06-05,11:15,SPY,P,45,748.3,5,True,False,False,True,False,False,scout,False
2026-06-05T11:15:00-04:00,2026-06-05,11:15,TSLA,P,60,401.9,1,,,,,,,prime,False
2026-06-05T11:30:00-04:00,2026-06-05,11:30,IWM,P,45,286.24,5,True,False,False,True,False,False,scout,False
2026-06-05T11:30:00-04:00,2026-06-05,11:30,MSFT,P,55,422.25,1,,,,,,,prime,False
2026-06-08T10:15:00-04:00,2026-06-08,10:15,IWM,P,50,284.98,1,True,False,True,False,True,False,scout,True
2026-06-08T10:30:00-04:00,2026-06-08,10:30,QQQ,P,50,717.56,1,True,False,True,False,True,False,scout,False
2026-06-08T10:30:00-04:00,2026-06-08,10:30,SPY,P,50,742.48,1,True,False,True,False,True,False,scout,True
2026-06-08T11:00:00-04:00,2026-06-08,11:00,SPY,C,45,744.99,2,False,False,True,True,True,False,scout,False
2026-06-08T11:30:00-04:00,2026-06-08,11:30,SPY,P,50,743.23,3,True,False,True,False,True,False,scout,False
2026-06-08T12:00:00-04:00,2026-06-08,12:00,SPY,P,70,742.77,5,True,True,True,False,True,False,scout,True
2026-06-08T13:00:00-04:00,2026-06-08,13:00,IWM,P,45,285.12,3,False,True,True,False,True,False,scout,False
2026-06-08T13:15:00-04:00,2026-06-08,13:15,QQQ,P,45,717.89,3,False,True,True,False,True,False,scout,False
2026-06-08T14:00:00-04:00,2026-06-08,14:00,AAPL,P,30,308.45,1,,,,,,,prime,False
2026-06-08T14:15:00-04:00,2026-06-08,14:15,IWM,P,50,284.78,4,True,False,True,False,True,False,scout,False
2026-06-09T10:00:00-04:00,2026-06-09,10:00,META,C,50,596.02,1,,,,,,,prime,False
2026-06-09T10:15:00-04:00,2026-06-09,10:15,IWM,C,55,288.44,1,True,False,False,True,False,True,scout,False
2026-06-09T10:30:00-04:00,2026-06-09,10:30,QQQ,P,65,715.95,1,True,False,False,True,True,True,scout,False
2026-06-09T10:30:00-04:00,2026-06-09,10:30,SPY,P,45,741.21,1,True,False,False,False,True,True,scout,False
2026-06-09T11:00:00-04:00,2026-06-09,11:00,IWM,C,45,285.93,3,True,False,False,False,True,True,scout,False
2026-06-09T11:00:00-04:00,2026-06-09,11:00,QQQ,P,55,710.94,3,True,False,False,True,False,True,scout,False
2026-06-09T11:00:00-04:00,2026-06-09,11:00,SPY,P,55,737.75,3,True,False,False,True,False,True,scout,False
2026-06-09T11:30:00-04:00,2026-06-09,11:30,QQQ,P,55,701.73,5,True,False,False,True,False,True,scout,False
2026-06-09T11:30:00-04:00,2026-06-09,11:30,SPY,P,45,731.0,5,True,False,False,True,False,False,scout,False
2026-06-09T11:45:00-04:00,2026-06-09,11:45,IWM,P,45,282.71,1,True,False,False,True,False,False,scout,False
2026-06-09T12:15:00-04:00,2026-06-09,12:15,IWM,P,45,280.51,3,True,False,False,True,False,False,scout,False
2026-06-09T12:15:00-04:00,2026-06-09,12:15,NVDA,P,60,201.82,1,,,,,,,prime,False
2026-06-09T12:45:00-04:00,2026-06-09,12:45,IWM,P,55,278.68,5,True,False,False,True,False,True,scout,False
2026-06-09T12:45:00-04:00,2026-06-09,12:45,MSFT,P,65,399.42,1,,,,,,,prime,False
2026-06-10T10:00:00-04:00,2026-06-10,10:00,AMZN,P,75,240.63,1,,,,,,,prime,False
2026-06-10T10:15:00-04:00,2026-06-10,10:15,IWM,C,45,288.23,1,True,False,False,True,False,False,scout,False
2026-06-10T10:45:00-04:00,2026-06-10,10:45,IWM,C,45,287.48,3,True,False,False,True,False,False,scout,False
2026-06-10T11:15:00-04:00,2026-06-10,11:15,IWM,C,50,284.27,4,True,False,True,False,True,False,scout,False
2026-06-10T11:15:00-04:00,2026-06-10,11:15,META,P,60,576.42,1,,,,,,,prime,False
2026-06-10T12:30:00-04:00,2026-06-10,12:30,QQQ,P,45,698.85,1,True,False,False,True,False,False,scout,False
2026-06-10T12:30:00-04:00,2026-06-10,12:30,SPY,P,45,730.68,1,True,False,False,True,False,False,scout,False
2026-06-10T13:00:00-04:00,2026-06-10,13:00,QQQ,P,45,698.3,3,True,False,False,True,False,False,scout,False
2026-06-10T13:00:00-04:00,2026-06-10,13:00,SPY,P,45,730.36,3,True,False,False,True,False,False,scout,False
2026-06-10T13:30:00-04:00,2026-06-10,13:30,IWM,P,55,284.07,1,True,False,False,True,True,False,scout,False
2026-06-10T13:30:00-04:00,2026-06-10,13:30,QQQ,P,45,697.57,5,True,False,False,True,False,False,scout,False
2026-06-10T13:30:00-04:00,2026-06-10,13:30,SPY,P,45,729.59,5,True,False,False,True,False,False,scout,False
2026-06-10T14:00:00-04:00,2026-06-10,14:00,AAPL,C,45,294.02,1,,,,,,,prime,False
2026-06-10T14:00:00-04:00,2026-06-10,14:00,IWM,P,55,284.72,3,True,False,False,True,True,False,scout,False
2026-06-10T14:45:00-04:00,2026-06-10,14:45,META,P,80,573.54,1,,,,,,,prime,False
2026-06-11T10:00:00-04:00,2026-06-11,10:00,AMZN,C,65,237.33,1,,,,,,,prime,False
2026-06-11T10:00:00-04:00,2026-06-11,10:00,GOOGL,P,60,348.13,1,,,,,,,prime,False
2026-06-11T10:00:00-04:00,2026-06-11,10:00,META,P,55,563.31,1,,,,,,,prime,False
2026-06-11T10:00:00-04:00,2026-06-11,10:00,MSFT,P,55,391.51,1,,,,,,,prime,False
2026-06-11T10:15:00-04:00,2026-06-11,10:15,QQQ,P,50,701.43,1,True,False,True,False,True,False,scout,False
2026-06-11T10:30:00-04:00,2026-06-11,10:30,SPY,P,50,728.82,1,True,False,True,False,True,False,scout,False
2026-06-11T10:45:00-04:00,2026-06-11,10:45,QQQ,P,45,700.83,2,False,True,True,False,True,False,scout,False
2026-06-11T11:00:00-04:00,2026-06-11,11:00,IWM,C,45,285.01,1,False,False,True,True,True,False,scout,False
2026-06-11T11:00:00-04:00,2026-06-11,11:00,SPY,P,45,725.6,3,True,False,False,True,False,False,scout,False
2026-06-11T11:15:00-04:00,2026-06-11,11:15,QQQ,C,45,699.52,1,False,False,True,True,True,False,scout,False
2026-06-11T11:30:00-04:00,2026-06-11,11:30,IWM,C,45,286.05,3,True,False,False,True,False,False,scout,False
2026-06-11T11:45:00-04:00,2026-06-11,11:45,QQQ,C,50,700.79,2,False,True,False,True,True,False,scout,False
2026-06-11T11:45:00-04:00,2026-06-11,11:45,SPY,P,50,727.86,4,True,False,True,False,True,False,scout,False
2026-06-11T12:15:00-04:00,2026-06-11,12:15,SPY,P,50,729.89,5,True,False,True,False,True,False,scout,True
2026-06-11T12:45:00-04:00,2026-06-11,12:45,SPY,C,45,728.63,4,False,False,True,True,True,False,scout,False
2026-06-11T13:15:00-04:00,2026-06-11,13:15,MSFT,P,55,385.13,1,,,,,,,prime,False
2026-06-11T14:15:00-04:00,2026-06-11,14:15,QQQ,C,45,709.66,3,True,False,False,True,False,False,scout,False
2026-06-12T10:00:00-04:00,2026-06-12,10:00,AMZN,P,65,234.18,1,,,,,,,prime,False
2026-06-12T10:15:00-04:00,2026-06-12,10:15,IWM,C,45,293.31,1,True,False,False,True,False,False,scout,False
2026-06-12T10:15:00-04:00,2026-06-12,10:15,QQQ,C,45,718.83,1,True,False,False,True,False,False,scout,False
2026-06-12T10:15:00-04:00,2026-06-12,10:15,SPY,C,60,739.31,1,True,False,True,True,False,False,scout,False
2026-06-12T10:45:00-04:00,2026-06-12,10:45,IWM,C,45,293.27,3,True,False,False,True,False,False,scout,False
2026-06-12T11:00:00-04:00,2026-06-12,11:00,QQQ,C,45,720.97,3,True,False,False,True,False,False,scout,False
2026-06-12T11:00:00-04:00,2026-06-12,11:00,SPY,C,60,742.36,3,True,False,True,True,False,False,scout,False
2026-06-15T10:00:00-04:00,2026-06-15,10:00,GOOGL,C,70,369.22,1,,,,,,,prime,False
2026-06-15T10:15:00-04:00,2026-06-15,10:15,IWM,C,45,295.47,1,True,False,False,True,False,False,scout,False
2026-06-15T10:15:00-04:00,2026-06-15,10:15,QQQ,C,60,740.34,1,True,False,True,True,False,False,scout,False
2026-06-15T10:15:00-04:00,2026-06-15,10:15,SPY,C,60,753.03,1,True,False,True,True,False,False,scout,False
2026-06-15T10:45:00-04:00,2026-06-15,10:45,IWM,C,45,295.36,3,True,False,False,True,False,False,scout,False
2026-06-15T10:45:00-04:00,2026-06-15,10:45,QQQ,C,45,740.02,3,True,False,False,True,False,False,scout,False
2026-06-15T10:45:00-04:00,2026-06-15,10:45,SPY,C,60,753.32,3,True,False,True,True,False,False,scout,False
2026-06-15T11:15:00-04:00,2026-06-15,11:15,IWM,C,45,295.08,4,True,False,False,True,False,False,scout,False
2026-06-16T10:00:00-04:00,2026-06-16,10:00,GOOGL,P,70,368.12,1,,,,,,,prime,False
2026-06-16T10:00:00-04:00,2026-06-16,10:00,META,C,50,602.53,1,,,,,,,prime,False
2026-06-16T10:00:00-04:00,2026-06-16,10:00,NVDA,P,45,208.71,1,,,,,,,prime,False
2026-06-16T10:00:00-04:00,2026-06-16,10:00,TSLA,C,55,409.77,1,,,,,,,prime,False
2026-06-16T10:15:00-04:00,2026-06-16,10:15,AVGO,P,55,384.92,1,,,,,,,prime,False
2026-06-16T10:30:00-04:00,2026-06-16,10:30,QQQ,C,45,739.11,1,True,False,False,False,True,True,scout,False
2026-06-16T10:45:00-04:00,2026-06-16,10:45,GOOGL,C,65,373.08,1,,,,,,,prime,False
2026-06-17T10:00:00-04:00,2026-06-17,10:00,MSFT,P,70,389.8,1,,,,,,,prime,False
2026-06-17T10:00:00-04:00,2026-06-17,10:00,NVDA,P,80,207.19,1,,,,,,,prime,False
2026-06-17T10:00:00-04:00,2026-06-17,10:00,TSLA,P,70,398.55,1,,,,,,,prime,False
2026-06-17T10:15:00-04:00,2026-06-17,10:15,IWM,P,50,294.48,1,True,False,True,False,True,False,scout,False
2026-06-17T10:45:00-04:00,2026-06-17,10:45,AMZN,P,65,241.26,1,,,,,,,prime,False
2026-06-17T10:45:00-04:00,2026-06-17,10:45,IWM,C,55,293.55,1,False,False,True,True,True,True,scout,False
2026-06-17T10:45:00-04:00,2026-06-17,10:45,QQQ,P,50,733.01,1,True,False,True,False,True,False,scout,False
2026-06-17T11:00:00-04:00,2026-06-17,11:00,TSLA,P,65,399.59,1,,,,,,,prime,False
2026-06-17T11:30:00-04:00,2026-06-17,11:30,IWM,C,45,294.73,3,True,False,False,True,False,False,scout,False
2026-06-17T11:30:00-04:00,2026-06-17,11:30,QQQ,P,50,732.64,2,True,False,True,False,True,False,scout,True
2026-06-17T11:45:00-04:00,2026-06-17,11:45,SPY,C,45,750.35,1,False,True,True,False,True,False,scout,False
2026-06-17T12:00:00-04:00,2026-06-17,12:00,QQQ,C,65,733.43,3,False,True,True,True,True,False,scout,True
2026-06-17T12:15:00-04:00,2026-06-17,12:15,MSFT,P,45,385.72,1,,,,,,,prime,False
2026-06-17T14:15:00-04:00,2026-06-17,14:15,NVDA,P,60,206.16,1,,,,,,,prime,False
2026-06-17T14:15:00-04:00,2026-06-17,14:15,SPY,P,70,746.61,1,True,False,True,True,False,True,scout,False
2026-06-18T10:00:00-04:00,2026-06-18,10:00,AAPL,C,55,298.27,1,,,,,,,prime,False
2026-06-18T10:15:00-04:00,2026-06-18,10:15,IWM,P,45,291.78,1,True,False,False,True,False,False,scout,False
2026-06-18T10:15:00-04:00,2026-06-18,10:15,QQQ,P,50,735.64,1,True,False,True,False,True,False,scout,False
2026-06-18T10:30:00-04:00,2026-06-18,10:30,SPY,P,50,745.37,1,True,False,True,False,True,False,scout,True
2026-06-18T10:45:00-04:00,2026-06-18,10:45,IWM,C,45,293.35,1,False,True,True,False,True,False,scout,False
2026-06-18T11:00:00-04:00,2026-06-18,11:00,SPY,P,50,746.84,3,True,False,True,False,True,False,scout,False
2026-06-18T11:15:00-04:00,2026-06-18,11:15,AMZN,C,50,241.42,1,,,,,,,prime,False
2026-06-18T11:15:00-04:00,2026-06-18,11:15,IWM,P,50,293.8,3,True,False,True,False,True,False,scout,False
2026-06-18T11:15:00-04:00,2026-06-18,11:15,QQQ,C,45,738.04,1,True,False,False,True,False,False,scout,False
2026-06-18T11:30:00-04:00,2026-06-18,11:30,SPY,P,70,745.38,5,True,True,True,False,True,False,scout,False
2026-06-18T11:45:00-04:00,2026-06-18,11:45,IWM,P,45,293.48,4,True,False,False,False,True,True,scout,False
2026-06-18T11:45:00-04:00,2026-06-18,11:45,QQQ,C,65,735.89,3,True,False,False,True,True,True,scout,False
2026-06-18T12:15:00-04:00,2026-06-18,12:15,SPY,C,55,746.19,2,False,False,True,True,True,True,scout,False
2026-06-18T13:30:00-04:00,2026-06-18,13:30,IWM,C,55,294.31,3,True,False,False,True,True,False,scout,False
2026-06-22T10:15:00-04:00,2026-06-22,10:15,AAPL,C,65,301.85,1,,,,,,,prime,False
2026-06-22T10:15:00-04:00,2026-06-22,10:15,AMZN,P,60,237.69,1,,,,,,,prime,False
2026-06-22T10:15:00-04:00,2026-06-22,10:15,IWM,C,45,298.31,1,True,False,False,True,False,False,scout,False
2026-06-22T10:30:00-04:00,2026-06-22,10:30,QQQ,C,50,740.43,1,True,False,True,False,True,False,scout,False
2026-06-22T10:30:00-04:00,2026-06-22,10:30,TSLA,C,55,409.8,1,,,,,,,prime,False
2026-06-22T11:00:00-04:00,2026-06-22,11:00,SPY,P,45,744.72,1,True,False,False,True,False,False,scout,False
2026-06-22T11:30:00-04:00,2026-06-22,11:30,SPY,P,45,744.39,3,True,False,False,True,False,False,scout,False
2026-06-22T11:45:00-04:00,2026-06-22,11:45,IWM,C,80,297.99,2,True,True,True,True,False,False,scout,False
2026-06-22T12:00:00-04:00,2026-06-22,12:00,SPY,P,45,744.61,5,True,False,False,True,False,False,scout,False
2026-06-22T12:15:00-04:00,2026-06-22,12:15,IWM,C,60,297.75,3,True,False,True,True,False,False,scout,False
2026-06-22T13:00:00-04:00,2026-06-22,13:00,IWM,C,60,298.11,4,True,True,True,False,False,False,scout,False
2026-06-23T10:15:00-04:00,2026-06-23,10:15,QQQ,P,55,722.47,1,True,False,False,True,False,True,scout,False
2026-06-23T10:30:00-04:00,2026-06-23,10:30,SPY,P,45,738.9,1,True,False,False,True,False,False,scout,False
2026-06-23T10:45:00-04:00,2026-06-23,10:45,QQQ,P,60,719.61,3,True,False,True,True,False,False,scout,False
2026-06-23T11:00:00-04:00,2026-06-23,11:00,SPY,P,60,737.0,3,True,False,True,True,False,False,scout,False
2026-06-23T11:15:00-04:00,2026-06-23,11:15,QQQ,P,80,717.33,5,True,True,True,True,False,False,scout,False
2026-06-23T11:30:00-04:00,2026-06-23,11:30,SPY,P,60,734.59,5,True,False,True,True,False,False,scout,False
2026-06-23T13:00:00-04:00,2026-06-23,13:00,IWM,C,55,297.2,1,True,False,False,True,True,False,scout,False
2026-06-23T13:30:00-04:00,2026-06-23,13:30,IWM,C,55,297.35,3,True,False,False,True,True,False,scout,False
2026-06-24T10:00:00-04:00,2026-06-24,10:00,GOOGL,C,65,350.3,1,,,,,,,prime,False
2026-06-24T10:00:00-04:00,2026-06-24,10:00,NVDA,P,55,200.25,1,,,,,,,prime,False
2026-06-24T10:15:00-04:00,2026-06-24,10:15,IWM,P,70,296.6,1,True,False,True,True,True,False,scout,False
2026-06-24T10:15:00-04:00,2026-06-24,10:15,QQQ,P,45,714.29,1,True,False,False,True,False,False,scout,False
2026-06-24T10:15:00-04:00,2026-06-24,10:15,SPY,P,60,735.59,1,True,False,True,True,False,False,scout,False
2026-06-24T10:45:00-04:00,2026-06-24,10:45,QQQ,P,50,717.09,2,True,False,True,False,True,False,scout,False
2026-06-24T10:45:00-04:00,2026-06-24,10:45,SPY,P,50,737.62,3,True,False,True,False,True,False,scout,False
2026-06-24T11:00:00-04:00,2026-06-24,11:00,IWM,C,45,299.09,1,True,False,False,True,False,False,scout,False
2026-06-24T11:15:00-04:00,2026-06-24,11:15,QQQ,P,50,716.98,3,True,False,True,False,True,False,scout,False
2026-06-24T11:30:00-04:00,2026-06-24,11:30,IWM,C,45,299.58,3,True,False,False,True,False,False,scout,False
2026-06-24T12:00:00-04:00,2026-06-24,12:00,QQQ,P,50,716.3,5,True,False,True,False,True,False,scout,False
2026-06-24T13:45:00-04:00,2026-06-24,13:45,SPY,P,45,731.95,4,True,False,False,True,False,False,scout,False
2026-06-24T14:45:00-04:00,2026-06-24,14:45,GOOGL,P,70,343.84,1,,,,,,,prime,False
2026-06-25T10:00:00-04:00,2026-06-25,10:00,AVGO,P,70,373.16,1,,,,,,,prime,False
2026-06-25T10:00:00-04:00,2026-06-25,10:00,META,P,55,547.54,1,,,,,,,prime,False
2026-06-25T10:00:00-04:00,2026-06-25,10:00,TSLA,P,45,371.78,1,,,,,,,prime,False
2026-06-25T10:15:00-04:00,2026-06-25,10:15,IWM,C,60,299.42,1,True,True,True,False,False,False,scout,False
2026-06-25T10:15:00-04:00,2026-06-25,10:15,QQQ,P,45,711.39,1,True,False,False,False,True,True,scout,False
2026-06-25T10:15:00-04:00,2026-06-25,10:15,SPY,C,55,734.12,1,False,True,True,False,True,True,scout,True
2026-06-25T10:45:00-04:00,2026-06-25,10:45,IWM,C,45,300.1,2,True,False,False,True,False,False,scout,False
2026-06-25T11:00:00-04:00,2026-06-25,11:00,SPY,P,50,735.23,2,True,False,True,False,True,False,scout,False
2026-06-25T11:15:00-04:00,2026-06-25,11:15,IWM,C,55,298.46,4,True,False,False,True,True,False,scout,False
2026-06-25T14:00:00-04:00,2026-06-25,14:00,SPY,P,55,733.45,4,True,False,False,True,True,False,scout,False
2026-06-26T10:15:00-04:00,2026-06-26,10:15,QQQ,P,65,712.59,1,True,False,False,True,True,True,scout,False
2026-06-26T10:15:00-04:00,2026-06-26,10:15,TSLA,C,70,377.1,1,,,,,,,prime,False
2026-06-26T10:45:00-04:00,2026-06-26,10:45,IWM,C,45,298.23,1,True,False,False,False,True,True,scout,False
2026-06-26T10:45:00-04:00,2026-06-26,10:45,QQQ,P,45,710.2,3,True,False,False,True,False,False,scout,False
2026-06-26T11:15:00-04:00,2026-06-26,11:15,IWM,C,55,297.89,3,True,False,False,True,True,False,scout,False
2026-06-26T11:15:00-04:00,2026-06-26,11:15,QQQ,P,60,709.06,5,True,False,True,True,False,False,scout,False
2026-06-29T10:00:00-04:00,2026-06-29,10:00,TSLA,C,50,391.8,1,,,,,,,prime,False
2026-06-29T10:15:00-04:00,2026-06-29,10:15,IWM,P,45,294.84,1,True,False,False,True,False,False,scout,False
2026-06-29T10:15:00-04:00,2026-06-29,10:15,QQQ,P,55,706.54,1,True,False,False,True,False,True,scout,False
2026-06-29T10:30:00-04:00,2026-06-29,10:30,SPY,C,45,736.07,1,False,False,True,True,True,False,scout,False
2026-06-29T10:45:00-04:00,2026-06-29,10:45,QQQ,C,45,712.65,1,False,True,True,False,True,False,scout,False
2026-06-29T11:00:00-04:00,2026-06-29,11:00,SPY,C,60,737.86,3,True,False,True,True,False,False,scout,False
2026-06-29T11:15:00-04:00,2026-06-29,11:15,IWM,P,45,295.96,2,True,False,False,True,False,False,scout,False
2026-06-29T11:45:00-04:00,2026-06-29,11:45,QQQ,C,45,718.47,2,True,False,False,True,False,False,scout,False
2026-06-29T12:15:00-04:00,2026-06-29,12:15,QQQ,C,45,719.15,4,True,False,False,True,False,False,scout,False
2026-06-29T13:15:00-04:00,2026-06-29,13:15,IWM,C,65,297.92,1,False,True,True,True,True,False,scout,False
2026-06-29T13:45:00-04:00,2026-06-29,13:45,IWM,C,45,297.63,3,False,False,True,True,True,False,scout,False
2026-06-30T10:00:00-04:00,2026-06-30,10:00,META,P,55,556.3,1,,,,,,,prime,False
2026-06-30T10:15:00-04:00,2026-06-30,10:15,IWM,C,45,299.59,1,True,False,False,True,False,False,scout,False
2026-06-30T10:15:00-04:00,2026-06-30,10:15,NVDA,C,65,196.97,1,,,,,,,prime,False
2026-06-30T10:15:00-04:00,2026-06-30,10:15,QQQ,C,55,731.6,1,True,False,False,True,False,True,scout,False
2026-06-30T10:15:00-04:00,2026-06-30,10:15,SPY,C,50,743.63,1,True,False,True,False,False,True,scout,False
2026-06-30T10:45:00-04:00,2026-06-30,10:45,IWM,C,45,299.64,3,True,False,False,True,False,False,scout,False
2026-06-30T10:45:00-04:00,2026-06-30,10:45,QQQ,C,45,733.07,3,True,False,False,True,False,False,scout,False
2026-06-30T11:15:00-04:00,2026-06-30,11:15,QQQ,C,45,732.81,4,True,False,False,True,False,False,scout,False
2026-06-30T11:15:00-04:00,2026-06-30,11:15,SPY,C,45,744.83,2,True,False,False,True,False,False,scout,False
2026-06-30T11:45:00-04:00,2026-06-30,11:45,SPY,C,45,745.03,4,True,False,False,True,False,False,scout,False
2026-06-30T12:45:00-04:00,2026-06-30,12:45,IWM,C,45,300.47,4,True,False,False,True,False,False,scout,False
2026-07-01T10:15:00-04:00,2026-07-01,10:15,IWM,C,55,302.03,1,True,False,False,True,False,True,scout,False
2026-07-01T10:15:00-04:00,2026-07-01,10:15,TSLA,C,45,426.3,1,,,,,,,prime,False
2026-07-01T11:15:00-04:00,2026-07-01,11:15,IWM,C,45,301.91,2,True,False,False,True,False,False,scout,False
2026-07-01T11:15:00-04:00,2026-07-01,11:15,SPY,C,45,748.07,1,True,False,False,True,False,False,scout,False
2026-07-01T11:45:00-04:00,2026-07-01,11:45,IWM,C,45,302.41,4,True,False,False,True,False,False,scout,False
2026-07-01T11:45:00-04:00,2026-07-01,11:45,SPY,C,45,748.81,3,True,False,False,True,False,False,scout,False
2026-07-02T10:00:00-04:00,2026-07-02,10:00,AAPL,C,65,302.81,1,,,,,,,prime,False
2026-07-02T10:15:00-04:00,2026-07-02,10:15,QQQ,P,50,728.88,1,True,False,True,False,True,False,scout,False
2026-07-02T10:15:00-04:00,2026-07-02,10:15,SPY,C,45,750.96,1,True,False,False,True,False,False,scout,False
2026-07-02T10:30:00-04:00,2026-07-02,10:30,MSFT,C,65,388.65,1,,,,,,,prime,False
2026-07-02T10:45:00-04:00,2026-07-02,10:45,AMZN,C,95,245.14,1,,,,,,,prime,False
2026-07-02T10:45:00-04:00,2026-07-02,10:45,QQQ,P,55,719.07,3,True,False,False,True,False,True,scout,False
2026-07-02T11:00:00-04:00,2026-07-02,11:00,SPY,C,50,747.66,3,True,False,True,False,True,False,scout,False
2026-07-02T11:15:00-04:00,2026-07-02,11:15,IWM,P,45,297.59,1,True,False,False,True,False,False,scout,False
2026-07-02T11:15:00-04:00,2026-07-02,11:15,QQQ,P,45,716.89,5,True,False,False,True,False,False,scout,False
2026-07-02T11:45:00-04:00,2026-07-02,11:45,IWM,P,45,298.05,3,True,False,False,True,False,False,scout,False
2026-07-02T12:15:00-04:00,2026-07-02,12:15,IWM,P,45,297.77,5,True,False,False,True,False,False,scout,False
2026-07-02T13:00:00-04:00,2026-07-02,13:00,SPY,P,45,742.18,1,True,False,False,True,False,False,scout,False
2026-07-02T13:30:00-04:00,2026-07-02,13:30,SPY,P,45,741.53,3,True,False,False,True,False,False,scout,False
2026-07-02T13:45:00-04:00,2026-07-02,13:45,AMZN,P,65,243.72,1,,,,,,,prime,False
2026-07-02T14:00:00-04:00,2026-07-02,14:00,SPY,P,45,740.24,5,True,False,False,True,False,False,scout,False
2026-07-06T10:30:00-04:00,2026-07-06,10:30,SPY,C,70,749.94,1,True,False,True,True,False,True,scout,False
2026-07-06T11:00:00-04:00,2026-07-06,11:00,SPY,C,60,750.28,3,True,False,True,True,False,False,scout,False
2026-07-06T12:15:00-04:00,2026-07-06,12:15,IWM,C,45,300.06,1,True,False,False,True,False,False,scout,False
2026-07-06T14:30:00-04:00,2026-07-06,14:30,META,C,65,599.92,1,,,,,,,prime,False
2026-07-07T10:00:00-04:00,2026-07-07,10:00,AMZN,C,95,247.91,1,,,,,,,prime,False
2026-07-07T10:00:00-04:00,2026-07-07,10:00,GOOGL,C,65,371.23,1,,,,,,,prime,False
2026-07-07T10:00:00-04:00,2026-07-07,10:00,MSFT,C,65,393.45,1,,,,,,,prime,False
2026-07-07T10:00:00-04:00,2026-07-07,10:00,NVDA,P,65,192.64,1,,,,,,,prime,False
2026-07-07T10:15:00-04:00,2026-07-07,10:15,IWM,P,55,295.64,1,True,False,False,True,False,True,scout,False
2026-07-07T10:15:00-04:00,2026-07-07,10:15,QQQ,P,55,708.09,1,True,False,False,True,False,True,scout,False
2026-07-07T10:30:00-04:00,2026-07-07,10:30,AMZN,C,65,245.12,1,,,,,,,prime,False
2026-07-07T10:30:00-04:00,2026-07-07,10:30,META,C,55,611.09,1,,,,,,,prime,False
2026-07-07T10:30:00-04:00,2026-07-07,10:30,MSFT,C,70,393.92,1,,,,,,,prime,False
2026-07-07T10:45:00-04:00,2026-07-07,10:45,IWM,P,45,295.73,3,True,False,False,True,False,False,scout,False
2026-07-07T10:45:00-04:00,2026-07-07,10:45,QQQ,P,55,705.59,3,True,False,False,True,False,True,scout,False
2026-07-07T11:15:00-04:00,2026-07-07,11:15,IWM,P,45,296.58,5,True,False,False,True,False,False,scout,False
2026-07-07T11:15:00-04:00,2026-07-07,11:15,QQQ,P,45,707.56,5,True,False,False,True,False,False,scout,False
2026-07-07T12:15:00-04:00,2026-07-07,12:15,IWM,C,45,297.18,1,False,True,True,False,True,False,scout,False
2026-07-07T12:15:00-04:00,2026-07-07,12:15,QQQ,C,45,711.13,1,False,True,True,False,True,False,scout,False
2026-07-07T14:00:00-04:00,2026-07-07,14:00,IWM,C,45,297.5,2,False,False,True,True,True,False,scout,False
2026-07-07T14:15:00-04:00,2026-07-07,14:15,META,C,85,618.53,1,,,,,,,prime,False
2026-07-08T10:00:00-04:00,2026-07-08,10:00,NVDA,C,65,197.62,1,,,,,,,prime,False
2026-07-08T10:00:00-04:00,2026-07-08,10:00,TSLA,P,65,395.88,1,,,,,,,prime,False
2026-07-08T10:15:00-04:00,2026-07-08,10:15,IWM,P,60,293.8,1,True,False,True,True,False,False,scout,False
2026-07-08T10:15:00-04:00,2026-07-08,10:15,QQQ,P,60,706.68,1,True,False,True,True,False,False,scout,False
2026-07-08T10:15:00-04:00,2026-07-08,10:15,SPY,P,60,743.22,1,True,False,True,True,False,False,scout,False
2026-07-08T10:30:00-04:00,2026-07-08,10:30,TSLA,P,55,395.34,1,,,,,,,prime,False
2026-07-08T10:45:00-04:00,2026-07-08,10:45,IWM,P,45,292.97,3,True,False,False,True,False,False,scout,False
2026-07-08T10:45:00-04:00,2026-07-08,10:45,QQQ,P,60,706.2,3,True,False,True,True,False,False,scout,False
2026-07-08T10:45:00-04:00,2026-07-08,10:45,SPY,P,60,742.44,3,True,False,True,True,False,False,scout,False
2026-07-08T11:00:00-04:00,2026-07-08,11:00,NVDA,C,95,198.78,1,,,,,,,prime,False
2026-07-08T11:15:00-04:00,2026-07-08,11:15,IWM,P,45,291.97,5,True,False,False,True,False,False,scout,False
2026-07-08T11:15:00-04:00,2026-07-08,11:15,QQQ,P,45,703.46,5,True,False,False,True,False,False,scout,False
2026-07-08T11:15:00-04:00,2026-07-08,11:15,SPY,P,45,741.12,5,True,False,False,True,False,False,scout,False
2026-07-08T12:30:00-04:00,2026-07-08,12:30,QQQ,C,45,706.78,1,False,True,True,False,True,False,scout,False
2026-07-08T12:30:00-04:00,2026-07-08,12:30,SPY,C,45,743.1,1,False,True,True,False,True,False,scout,False
2026-07-08T13:00:00-04:00,2026-07-08,13:00,GOOGL,P,55,361.18,1,,,,,,,prime,False
2026-07-08T13:00:00-04:00,2026-07-08,13:00,MSFT,P,55,382.08,1,,,,,,,prime,False
2026-07-08T14:00:00-04:00,2026-07-08,14:00,SPY,C,45,744.39,2,False,False,True,True,True,False,scout,False
2026-07-09T10:00:00-04:00,2026-07-09,10:00,TSLA,C,70,395.41,1,,,,,,,prime,False
2026-07-09T10:15:00-04:00,2026-07-09,10:15,GOOGL,P,85,353.27,1,,,,,,,prime,False
2026-07-09T10:15:00-04:00,2026-07-09,10:15,META,P,45,592.53,1,,,,,,,prime,False
2026-07-09T10:15:00-04:00,2026-07-09,10:15,MSFT,P,70,376.22,1,,,,,,,prime,False
2026-07-09T10:15:00-04:00,2026-07-09,10:15,QQQ,C,45,719.72,1,True,False,False,True,False,False,scout,False
2026-07-09T11:15:00-04:00,2026-07-09,11:15,QQQ,C,65,720.94,3,True,True,False,True,False,False,scout,False
2026-07-09T11:30:00-04:00,2026-07-09,11:30,IWM,C,45,297.08,1,True,False,False,True,False,False,scout,False
2026-07-09T11:30:00-04:00,2026-07-09,11:30,SPY,C,45,749.8,1,True,False,False,True,False,False,scout,False
2026-07-09T12:00:00-04:00,2026-07-09,12:00,AAPL,C,80,314.77,1,,,,,,,prime,False
2026-07-09T12:00:00-04:00,2026-07-09,12:00,SPY,C,45,749.87,2,True,False,False,True,False,False,scout,False
2026-07-09T14:45:00-04:00,2026-07-09,14:45,MSFT,P,55,380.8,1,,,,,,,prime,False
2026-07-10T10:00:00-04:00,2026-07-10,10:00,NVDA,C,55,207.33,1,,,,,,,prime,False
2026-07-10T10:45:00-04:00,2026-07-10,10:45,QQQ,C,60,721.99,1,True,False,True,False,True,True,scout,False
2026-07-10T11:15:00-04:00,2026-07-10,11:15,QQQ,C,50,721.55,3,True,False,True,False,True,False,scout,False
2026-07-10T11:45:00-04:00,2026-07-10,11:45,QQQ,C,50,721.52,4,True,False,True,False,True,False,scout,False
2026-07-10T13:00:00-04:00,2026-07-10,13:00,IWM,C,45,295.78,1,False,True,True,False,True,False,scout,False
2026-07-10T14:15:00-04:00,2026-07-10,14:15,IWM,C,45,296.23,2,False,False,True,True,True,False,scout,False
2026-07-13T10:00:00-04:00,2026-07-13,10:00,AAPL,C,35,321.21,1,,,,,,,prime,False
2026-07-13T10:00:00-04:00,2026-07-13,10:00,MSFT,C,75,387.32,1,,,,,,,prime,False
2026-07-13T10:15:00-04:00,2026-07-13,10:15,IWM,P,50,294.45,1,True,False,True,False,False,True,scout,False
2026-07-13T10:30:00-04:00,2026-07-13,10:30,SPY,C,60,753.09,1,True,False,True,False,True,True,scout,False
2026-07-13T10:45:00-04:00,2026-07-13,10:45,IWM,P,60,294.46,3,True,False,True,True,False,False,scout,False
2026-07-13T11:15:00-04:00,2026-07-13,11:15,IWM,P,45,294.4,5,True,False,False,True,False,False,scout,False
2026-07-13T11:15:00-04:00,2026-07-13,11:15,QQQ,P,60,717.07,1,True,False,True,True,False,False,scout,False
2026-07-13T11:45:00-04:00,2026-07-13,11:45,QQQ,P,60,716.37,3,True,False,True,True,False,False,scout,False
2026-07-13T12:15:00-04:00,2026-07-13,12:15,QQQ,P,45,715.37,5,True,False,False,True,False,False,scout,False
2026-07-13T13:30:00-04:00,2026-07-13,13:30,SPY,P,45,749.81,1,True,False,False,True,False,False,scout,False
2026-07-14T10:00:00-04:00,2026-07-14,10:00,AMZN,P,50,246.01,1,,,,,,,prime,False
2026-07-14T10:00:00-04:00,2026-07-14,10:00,AVGO,C,65,391.64,1,,,,,,,prime,False
2026-07-14T10:15:00-04:00,2026-07-14,10:15,SPY,P,50,750.43,1,True,False,True,False,True,False,scout,False
2026-07-14T10:30:00-04:00,2026-07-14,10:30,QQQ,C,45,717.18,1,False,False,True,True,True,False,scout,False
2026-07-14T10:45:00-04:00,2026-07-14,10:45,SPY,P,50,751.09,3,True,False,True,False,True,False,scout,True
2026-07-14T11:00:00-04:00,2026-07-14,11:00,QQQ,C,55,719.3,2,False,True,True,True,False,False,scout,False
2026-07-14T11:45:00-04:00,2026-07-14,11:45,SPY,C,45,751.56,3,False,False,True,True,True,False,scout,False
2026-07-14T12:00:00-04:00,2026-07-14,12:00,IWM,C,45,294.68,1,False,False,True,True,True,False,scout,False
2026-07-14T12:45:00-04:00,2026-07-14,12:45,SPY,C,45,751.47,4,False,True,True,False,True,False,scout,False
2026-07-15T10:00:00-04:00,2026-07-15,10:00,AMZN,C,35,252.36,1,,,,,,,prime,False
2026-07-15T10:00:00-04:00,2026-07-15,10:00,AVGO,C,100,397.84,1,,,,,,,prime,False
2026-07-15T10:15:00-04:00,2026-07-15,10:15,AAPL,C,35,324.79,1,,,,,,,prime,False
2026-07-15T10:15:00-04:00,2026-07-15,10:15,IWM,C,45,296.15,1,True,False,False,True,False,False,scout,False
2026-07-15T10:15:00-04:00,2026-07-15,10:15,QQQ,C,50,720.22,1,True,False,True,False,True,False,scout,False
2026-07-15T10:15:00-04:00,2026-07-15,10:15,SPY,C,60,754.74,1,True,False,True,True,False,False,scout,False
2026-07-15T10:30:00-04:00,2026-07-15,10:30,META,C,80,671.4,1,,,,,,,prime,False
2026-07-15T10:30:00-04:00,2026-07-15,10:30,MSFT,C,60,395.04,1,,,,,,,prime,False
2026-07-15T10:45:00-04:00,2026-07-15,10:45,IWM,C,45,296.4,3,True,False,False,True,False,False,scout,False
2026-07-15T11:15:00-04:00,2026-07-15,11:15,META,C,65,681.09,1,,,,,,,prime,False
2026-07-15T11:30:00-04:00,2026-07-15,11:30,QQQ,P,45,716.21,1,True,False,False,True,False,False,scout,False
2026-07-15T12:00:00-04:00,2026-07-15,12:00,QQQ,P,45,714.74,3,True,False,False,True,False,False,scout,False
2026-07-15T12:30:00-04:00,2026-07-15,12:30,QQQ,P,55,711.84,5,True,False,False,True,False,True,scout,False
2026-07-16T10:15:00-04:00,2026-07-16,10:15,IWM,C,45,297.6,1,True,False,False,True,False,False,scout,False
2026-07-16T10:15:00-04:00,2026-07-16,10:15,SPY,C,70,753.36,1,True,False,True,True,True,False,scout,False
2026-07-16T10:45:00-04:00,2026-07-16,10:45,IWM,C,45,297.28,3,True,False,False,True,False,False,scout,False
2026-07-16T10:45:00-04:00,2026-07-16,10:45,SPY,C,45,754.37,3,True,False,False,True,False,False,scout,False
2026-07-16T11:00:00-04:00,2026-07-16,11:00,QQQ,P,60,711.27,1,True,False,True,True,False,False,scout,False
2026-07-16T11:30:00-04:00,2026-07-16,11:30,QQQ,P,60,710.59,3,True,False,True,True,False,False,scout,False
2026-07-16T12:00:00-04:00,2026-07-16,12:00,QQQ,P,45,710.22,5,True,False,False,True,False,False,scout,False
2026-07-16T13:00:00-04:00,2026-07-16,13:00,SPY,C,45,752.86,4,False,True,True,False,True,False,scout,False
2026-07-16T14:00:00-04:00,2026-07-16,14:00,SPY,P,60,751.31,1,True,False,True,True,False,False,scout,False
